Sequence,Antibacterial,MammalianCells,Antifungal,Antiviral,Anticancer,Antiparasitic
AAGNPSETGGAVATYSTAVGSFLDGTVKVVATGGASRVPGNCGTAAVLECDNPESFDGTRAWGDLSADQGTGEDAPPETASLIFAVN,1,0,0,0,0,0
AAIYPFGIKIRCKAAFC,1,0,1,0,0,0
AAKKLSKLLKTLLKLL,1,0,0,0,0,0
AALPPGFTPFR,0,0,1,0,0,0
AASKAAKTLAKLLSSLLKL,1,0,0,0,0,0
AASKALRTASRLARSLLT,1,0,0,0,0,0
AEILFGDVRPPWMPPPIFPEMP,1,0,0,0,0,0
AGGLDDLLEPVLNSADNLVHGL,1,0,0,0,0,0
AGIGKIGDFIKKAIAKYKN,1,0,0,0,0,0
AIPCGQVNSALASCVSYAKGSGASPPGACCSGVRRLAGLARSTADKQAACRCIKSAAGGLNPGKAASIPSKCGVSIPYSISASVDCSKIH,0,0,1,0,0,0
AISCGTVSGALVPCLTYLKGGPGPSPQCCGGVKRLNGAARTTIDRRAACNCLKSSAGSISGLKPGNVATLPGKCGVRLPYTISTSTNCNTIRF,1,0,0,0,0,0
ALFKIMNKIADSL,0,0,0,1,0,0
ALLDKLKSLGKVVGKVALGVVQNYLNPRQ,1,0,0,0,0,0
APQMKTRDVLERTHKCFLVGGECKSECSSWEYEYVFCYTGPCCVMREYKRVEKFSNTPKYTT,1,0,0,0,0,0
APQMKTREVAERTHKCSLVRGTCKSECNSWEYKYNYCHTEPCCVVREYKRMEKLLSTPKYTT,1,0,0,0,0,0
ARLAKKALRRLAKKD,1,0,0,0,0,0
ARLKKCFNNVTGYCRKKCKVGEIHEIGCLSGKLCCVNDEENKKHVPFKKPHQQPVEKLSVQQDYVILPTITIFTV,1,0,0,0,0,0
ASGRDIAMAIGTLSGQFVAGGIGAAAGGVAGGAIYDYASTHKPNPAMSPSGLGGTIKQKPEGIPSEAWNYAAGRLCNWSPNNLSDVCL,1,0,0,0,0,0
ATCDALSFSSKWLTVNHSACAIHCLTKGYKGGRCVNTICNCRN,1,0,0,0,0,0
AVDLAKIANIANKVLSSLFGK,1,0,0,0,0,0
AVIPPLRCKAAFC,1,1,1,0,0,0
AVPLIYNRPGIYVTKRPKGK,1,1,1,0,0,0
AVWKDFLKNIGKAAGKAVLNSVTDMVNE,1,0,1,1,0,0
AWLDKLKSIGKVVGKVAIGVAKNLLNPQ,1,0,0,0,0,0
AYGGEKKCWNRSGHCRKQCKDGEAVKETCKNHRACCVPSNEDH,1,0,0,0,0,0
AYSKTFLLVGLLFAVVLILSSEVSARDLAETSQTQVSVEDAKYGGYGRGYGHGKGHGYQKGHGHGKPGHGGPGHPPGHGGAGEAVEEGTQN,0,0,1,0,0,0
CGYRHGRLNCGRG,1,0,1,0,0,0
CQWQFISPSRAGCIGP,1,1,1,0,0,0
DAQEKRQPWLPFG,1,1,0,0,0,0
DHYICVRSGGQCLYSACPIYTKIQGTCYHGKAKCCK,1,0,0,0,0,0
DKYCSENPLDCNEHCLKTKNQIGICHGANGNEKCSCMES,1,0,0,0,0,0
DQYCPKSSITACKKMNIRNDCCKDDDCTGGSWCCATPCGNFCKYPTDRPGGKRAAGGKSCKTGYVYY,1,0,0,0,0,0
DRPKADRPKPDRPKADCSTIQGVCKDSCLSTEFSIGALGCSAESSTVCCVTKP,1,0,0,0,0,0
EAALKAALDLAAKLA,1,0,0,0,0,0
EFKRCWNGQGACRTFCTRQETFMHLCPDASLCCLSYSFKPSRPSRVGDV,1,0,0,0,0,0
EFKRCWNGQGACRTYCTRQEKFIHLCPDASLCCLSYSLKASPHSRAGGV,1,0,0,0,0,0
EKTLARTAAKTALKK,1,0,0,0,0,0
EKYCPTPRNTSCKKMNIKNNCCRDSDCTSNAFCCAEPCGNFCHKASDKPGGRRVDPNASCQTGYVYW,1,0,0,0,0,0
ELAKKALKALKKALKSAR,1,0,0,0,0,0
ELAKKALRALKKALKSAK,1,0,0,0,0,0
ELKHLGLKTEFEQCQRIRGYCLNTYCRFPTSHVGSCYPEKRYCCKNIR,1,0,0,0,0,0
ELKHLGMTAETEWCRLFEGFCHDKNCPPPTSHVGSCHPEKRSCCKDRR,1,0,0,0,0,0
EMLKKKKEVKMERKT,1,1,1,0,0,0
ENEKAGSCPDVNQPIPPLGLCRNMCESDSGCPNNEKCCKNGCGFMTCSRPR,1,0,0,0,0,0
EQCGRQAGGKLCPNNLCCSQYGWCGSSDDYCSPSKNCQSNCKGGG,0,0,1,0,0,0
EQEKPGSCPNVDMPIPPLGLCKTTCSKDSDCSETKKCCKNGCGFMTCTTARP,1,0,0,0,0,0
ERSAAKSAARSLARR,1,0,0,0,0,0
ESDTVTCRKMKGKCSFLLCPFFKRSSGTCYNGLAKCCRPFW,1,0,0,0,0,0
ESKAAKAAKKAAKAKASE,1,0,0,0,0,0
ESLAKALSKEALKALK,1,0,0,0,0,0
ESLKARSLKKSLKLKKLL,1,0,0,0,0,0
ESSLKKKALSKLSKLLKKG,1,0,0,0,0,0
ETELAKKALKALKLKKLA,1,0,0,0,0,0
ETFAKKALKALEKLLKKG,1,0,0,0,0,0
FASLLGKALKALLAKLAKQ,1,0,0,0,0,0
FASLLGKLAKKLAKKALK,1,0,0,0,0,0
FFDEKCSRINGRCTESCLKNEELIALCQKNLKCCVTVQPCGRDKGDELDEDSGYNRTRG,1,0,0,0,0,0
FFGTALKIAANILPTAICKILKKC,1,0,1,0,0,0
FFPAILRVAAKVGPAVLCAITKKC,1,0,0,0,0,0
FFSLIPSLIGGLVFAIK,1,0,0,0,0,0
FIGGIISLIKKLF,1,0,0,0,0,0
FIGPIISALASLFGG,1,0,0,0,0,0
FIGPLISALASLFKG,1,0,0,0,0,0
FIGSALKVLAGVLPSIVSWVKQ,0,0,0,0,1,0
FIPKSLRRFFCRVRGGRCAILNCLGKEEQIGRCSNRGQKCCRKKK,1,0,0,0,0,0
FLANQECFSEYRHCRMKCKANEYAIRYCADWTICCRVKKREAKKKIMW,1,0,0,0,0,0
FLEGLLNTVTGLL,1,1,1,0,0,0
FLENQDCSKHRHCRMKCKANEYAVRYCEDWTICCRVKKKESKKKKMW,1,0,0,0,0,0
FLGGLWKAMSNLL,1,0,0,0,0,0
FLPALIGIAAKALPSLLCKITKKC,1,0,0,0,0,0
FLPLLLAGLPKLLCFLFKKC,1,0,0,0,0,0
FLPVLARLAVKFLPSIVCAATKKC,1,0,1,0,0,0
FLRRSVSGFQECHSKGGYCYRYYCPRPHRRLGSCYPYAANCCRRRR,1,0,0,0,0,0
FLSLIPTAINAVSALAKHF,0,0,0,1,0,0
FPDTVACRTQGNFCRAGACPPTFTISGQCHGGLLNCCAKIPAQ,1,0,0,0,0,0
FPIPWGCSNYSGVCRAVCLSAELPFGPFGCAKGFVCCVAHVF,1,0,0,0,0,0
FTCDLLSGAGVDHSACAAHCILRGKTGGRCNSDRVCVCRA,1,0,0,0,0,0
GESLASKAAKAAER,1,0,0,0,0,0
GFFTLIKAANKLINKTVNKEAGKGGLEIMA,1,1,1,0,0,0
GFKDWIKGAAKKLIKTVAANIANQ,1,0,1,0,0,0
GFKDWIKGAAKKLIKTVASSIANE,1,0,1,0,0,0
GFLDKLKKGASDFANALVNSIKGT,1,0,0,0,0,0
GFNEIVQDIEDFLQNLV,0,1,0,1,0,0
GFWSKIKDFAKKAWNSPLANELKSKALNAAKNFVSEKIGATPS,1,0,1,0,0,0
GGFCPKSRHPQCNLSYKINDCCAQSDCRVGSVCCVEGCGNVCRAESDTPLGEKFVDGSECKHGHVFPKKWYQFWWRV,1,0,0,0,0,0
GGTIFDCGESCFLGTCYTAGCSCGNWGLCYGTN,0,0,0,1,0,0
GGVKGAEKGVCPPDNVRCIRGEDPQCHNDNDCKDQKICCYWHCGFKCVQPVKDSWEQ,1,0,0,0,0,0
GIAEFLNYIKSKA,1,0,0,0,0,0
GIFSVLNEVCKKNDYKPEICAHFSQNKP,1,0,1,0,0,0
GIGAAILSAGKSIIKGLANGLAEHF,1,0,0,0,0,0
GIGASILSAGKSALKGFAKGLAEHFAN,1,0,0,0,0,0
GIGGALLSAGKAALKGLAKGFAEHF,1,0,1,0,0,0
GIIDIAKKLVGGIRNVLGI,1,0,0,0,0,0
GIINMLQKSYCKIRKGRCALLGCLPKEEQIGSCSVSGRKCCRKKK,1,0,0,0,0,0
GILREKYAHKAIDVLTPMIGVPVVSKIVNNAAKQLVHKIAKNQQLCMFNKDVAGWCEKSCQQSAHQKGYCHGTKCKCGIPLNYK,1,0,1,0,0,0
GIMDSIKGLGKNLAGQLLDKLKCKITGC,1,0,1,0,0,0
GIMDTIKDTAKTVAVGLLDKIKCKITGC,1,0,1,0,0,0
GIMDTVKGVAKTVAASLLDKLKCKITGC,1,0,0,0,0,0
GIPCGESCVFIPCTVTALLGCSCKDKVCYKN,1,0,1,0,1,0
GKNPILQCMGNRGFCRSSCKKSEQAYFYCRTFQMCCLQSYVRISLTGVDDNTNWSYEKHWPRIP,1,0,0,0,0,0
GKVWDWIKKTAKDVLNSDVAKQLKNKALNAAKNFVAEKIGATPS,1,0,1,0,0,0
GLFDAIGNLLGGLGL,1,0,0,0,0,0
GLFDSIKNVAKNVAAGLLDKLKCKITGC,1,0,1,0,0,0
GLFGILGSVAKHVLPHVVPVIAEHS,1,0,0,0,0,0
GLFSILKGVGKIAIKGLGKNLGKMGLDLVSCKISKEC,1,0,0,0,0,0
GLGDILGLLGL,1,0,0,0,0,0
GLGPAEGHCLNLFGVCRTDVCNIVEDQIGACRRRMKCCRAWWILMPIPTPLIMSDYQEPLKPNLK,1,0,0,0,0,0
GLKDWWNKHKDKIIAVAKEMGKAGLQAA,1,0,0,0,0,0
GLLDVVGNLLGGLGL,1,0,0,0,0,0
GLLSVLGSLKLIVPHVVPLIAEHL,1,0,0,0,0,0
GLMDMVKGAAKNLFASALDTLKCKITGC,1,0,0,0,0,0
GLMSVLGHAVGNVLGGLFKPKS,1,0,1,0,0,0
GLPICGETCVGGSCNTPGCSCSWPVCTRN,0,0,0,0,1,0
GLPVCGETCFGGTCNTPGCSCETWPVCSRN,0,1,0,0,1,0
GLREKHVQKLVALIPNDQLRSILKAVVHKVAKTQFGCPAYEGYCNNHCQDIERKDGECHGFKCKCAKD,1,0,0,0,0,0
GLVASIGRALGGLLADVVKSKEQPA,1,0,0,0,0,0
GLVSSIGKALGGLLADVVKSKGQPA,1,0,0,0,0,0
GLWDTIKQAGKKIFLSVLDKIRCKVAGGC,1,0,1,1,0,0
GLWEKIKEKANELVSGIVEGVK,1,0,0,0,0,0
GLWSKIKDVAAAAGKAALGAVNEALGEQ,1,0,0,0,0,0
GNFFKDLEKMGQRVRDAVISAAPAVDTLAKAKALGQ,1,0,0,0,0,0
GNPKVAHCASQIGRSTAWGAVSGA,1,0,0,0,0,0
GPMRIPEKHRIVREYIRKFGLQLNEFVQETENAWYYIKNIRKKVHEVKKDPGLLKYPVKP,1,0,0,0,0,1
GPNVYIQKIFASCWRLQGTCRPKCLKNETISYFGVILYICGCVNPKYLPILTGK,1,0,0,0,0,0
GPVAAVVRELRCVCLTTTPGIHPKTVSDLQVIAAGPQCSKVEVIATLKNGREVCLDPEAPLIKKIVQKILDSGKNN,1,0,0,0,0,0
GRCVCRKQLLCSYRERRIGDCKIRGVRFPFCCPR,1,0,0,0,0,0
GSNKGFNFMVDMINALSN,1,0,0,0,0,0
GSNKGFNFMVDMIQALSK,1,0,0,0,0,0
GSNTGFNFKTLDKE,1,1,1,0,0,0
GSVFNCGETCVLGTCYTPGCTCNTYRVCTKD,0,1,0,0,0,0
GVGDIFRKIVSTIKNVV,1,0,0,0,0,0
GVGDLIRKAVAAIKNIV,1,0,0,0,0,0
GVLDAFKKIATVVKNLV,1,0,0,0,0,0
GWLLLEYIPVIAAL,1,0,0,0,0,0
GWLRKLGAVLKVLTT,1,0,0,0,0,0
GYGCPFNQYQCHSHCSGIRGYKGGYCKGLFKQTCNCY,1,0,0,0,0,0
HLEMCEKSTDELREQLVCHRQHATGAFNAKLDQVNRQLRCNNDICTFKKLCDAPDFLTELRKYFTESEINELHELANQCDPDAHHDHPHCHPH,1,0,0,0,0,0
HPGTVHVRFKCIPKIAAVFGDNCPFYGNVDGLCNDKKSVCCMVPVRLDNI,1,0,0,0,0,0
IDSVKCFQKNNTCHTIRCPYFQDEVGTCYEGRGKCCQKRLLSIRVPKKKV,1,0,0,0,0,0
IFKAIWSGIKRLC,0,0,0,1,0,0
IIGPVLGLVGKPLESLLE,1,1,1,0,0,0
IKITTMLAKLGKVLAHV,1,1,0,0,0,0
IKWKAILDAVKKVL,1,0,0,0,0,0
ILGKFCDEIKRIV,0,0,0,1,0,0
ILGPVIGTIGNVLGGLLKNL,1,0,1,0,0,0
ILGPVLGLVSNAIGGLIKKI,1,0,1,0,0,0
INIKDILAKLVKVLGHV,1,1,0,0,0,0
INVLGILGLLGKALSHL,1,1,0,0,0,0
INWKKIKSLIKAAMS,1,0,0,0,0,0
IRNPVTCIRSGAICYPRSCPGSYKQIGVCGVSVIKCCKKP,1,0,1,1,0,0
KALKKLLKLASSLLTAL,1,0,0,0,0,0
KGKGFWSWASKATSWLTGPQQPGSPLLKKHR,1,0,0,0,0,0
KHHILRCMGNTGICRPSCRKTEQPYLYCLNYQSCCLQSYMRISISGREEKDDWSQQNRWPKIS,1,0,0,0,0,0
KIFTKCELARKLRAEGMDGF,1,0,0,0,0,0
KIKWFKTMKSLAKFLAKEQMKKHLGE,1,0,1,0,0,0
KILFGCGISPGNPFPCSLPGLTGNRCRRDYDCPQTLRCCNFRCSRSCRIPPVLPWSCPRNPFKCTIPGIDRCRYDYDCPGRQRCCYYSCSRICK,1,0,0,0,0,0
KKSYPEYGSLDLRKECKMRRGHCKLQCSEKELRISFCIRPGTHCCM,1,0,0,0,0,0
KKVYNAVSCMTNGGICWLKCSGTFREIGSCGTRQLKCCKKK,1,0,0,0,0,0
KRCFSNVAGYCRKRCRLVEISEMGCLHGKYCCVNELENKRHKKDTVVEQPMEPRDKSKVQDYMVLPTITYYTITI,1,0,0,0,0,0
KRCFSNVEGYCRKKCRLVEISEMGCLHGKYCCVNELENKKHKKHSVVEETVKLQDKSKVQDYMILPTVTYYTISI,1,0,0,0,0,0
KRSYPEYGSLDLRKECRMSKGHCKLQCSENEIRIAFCIRPGTHCCI,1,0,0,0,0,0
KSCCPTTTARNIYNTCRFGGGSRPVCAKLSGCKIISGTKCDSGWNH,0,1,0,0,0,0
KTTKQLRLPKVKPGECPKVKIPPDYPCNQYCVWDFDCEGNKKCCPVGCAKECFPPGPL,1,0,0,0,0,0
LDSLSFSYNNFEEDD,0,0,1,0,0,0
LFKLLGKIIHHVGNFVHGFSHVF,1,0,1,0,0,0
LKCVNLQANGIKMTQECAKEDTKCLTLRSLKKTLKFCASGRTCTTMKIMSLPGEQITCCEGNMCNA,1,0,0,0,0,0
LKLKDILGKIKVILSHLNK,1,0,1,0,0,0
LKLKSILGKLGVILSHLNK,1,0,1,0,0,0
LLAILLLALLALRKKVLA,1,0,0,0,0,0
LLGNFFRKAREKIGKEFKRIVQRIKDFLQHLVPRTEA,1,0,0,0,0,0
LLKKLLRAASKALSLL,1,0,0,0,0,0
LNLTKWLGKLGVILSHLNK,1,0,1,0,0,0
LSSALSALSSALSSK,1,0,0,0,0,0
LTVRAAQSFGRCNQKQCDADCVKKGYFGGLCTLTSCFCTGSRS,1,0,0,0,0,0
MAAFMKLIQFLATKGQKYVSLAWKHKGTILKWINAGQSFEWIYKQIKKLWA,1,0,0,0,0,0
MACQCPDAISGWTHTDYQCHGLENKMYRHVYAICMNGTQVYCRTEWGSSC,1,0,0,0,0,0
MDIPGLDRAARALCIASCSLQNCATGNCEVREGRKTCVCSRCKDGGNVPLDKLIGIASKF,1,0,0,0,0,0
MDVPILEKGARLACIASCSVQNCGTGYCENRGGRKTCVCSRCDVGGNFPLEVLLKKGKGK,1,0,0,0,0,0
MFGNDGVKVRTCTSQKAVCFFGCPPGYRWIAFCHNILSCCKNMTRFQPLQAKDPWVH,1,0,0,0,0,0
MFTLKKSKLLLFFLGTISLSLCEEERGADEEDGGEMTEEVKRGFMGDTLKGIARNAALALMNAAQCKLSGKC,1,0,0,0,0,0
MFTLKKSLLLLFFLGIISLSLCEQERNADEDEGEDVEEVKRNLWNTIKETGKKFAVGLLDKIKCGITGTCKT,1,0,1,0,0,0
MFTLKKSMLLLFFLGTINLSLCEEERNAEEERRDDDDKRNTEVQKRFFGPLIKIATGVLPNLICKALGKC,1,0,0,0,0,0
MFTMKKPMLLLFFLGTISLSLCQEERGADEDDGGEMTEEEKRGIGSMLLGLAKNVGMSLLNKAQCKISGKC,1,0,0,0,0,0
MIASHLAFEKLSKLGSKHTML,1,0,0,0,0,0
MIQIKFLCLFLAIMTIVVLDSNVAEARDCLSGTFKGPCWAWSGEKCRRLCIEEGRVSGHCSGGSKCWCEGC,0,0,1,0,0,0
MKCVMIFLVLTLVVLMAEPGEGLIGSLFRGAKAIFRGARQGWRSHKAVSRYRARYVRRPVIYYHRVYPNEER,1,0,0,0,0,0
MKKAVIVENKGCATCSIGAACLVDGPIPDFEIAGATGLFGLWG,1,0,0,0,0,0
MKKKLVKGLVICGMIGIGFTALGTNAEAATYYGNGVYCNKQKCWVNWGQAWSEGVKRWGDNLFGSFSGGRI,1,0,0,0,0,0
MKLLSLILAGLLLLSQLTPGGTRKCWNFHGRCRHKCFKKEKVYVYCTNNKLCCVKSKKKKKKKKKKKKRKKKKK,1,0,0,0,0,0
MKRNQKEWESVSKKGLMKPGGTSIVKAAGCMGCWASKSIAMTRVCALPHPAMRAI,1,0,0,0,0,0
MKTFLLTLAALLLSSQVIADSTEDCWNLHGNCRDRCHKNEKVYVLCLSGKLCCVKPKYQPHGLPKLTKG,1,0,0,0,0,0
MKTQFVILLVALVLFQMFAQSEAIFSAIGGFLKSIFGKRGLQDLDMDDLDQLFDGEISQADINFLNQLMR,1,0,0,1,0,0
MLCLADIRIVASCSAAIKSGYGQQPWLAHVAGPYANSLFDDVPADSYHAAVEYLRLIPASCYLLDGYAAGRDDGRAHCIAPRNRRLYCASYQVCVCRY,1,0,0,0,0,0
MLTELEKALNSIIDVYHKYSLIKGNFHAVYRDDLKKLLETECPQYIRKKGADVWFKELDINTDGAVNFQEFLILVIKMGVAAHKKSHEESHKE,1,0,1,0,0,0
MNCLLICLLLLAVVDLGQSVTCAAMDIPILKEAARIACVASCQAQACATGYCKKRKGQKICVCSRCR,1,0,0,0,0,0
MNCVLICLALFVVVDQALSVYLTTCARMDVPIASRLAGAACIASCSAQNCATGKCKISKGRKTCICSRCANGGNFPLGDIIGLAKRGKK,1,0,0,0,0,0
MNNTIKDFDLDLKTNKKDTATPYVGSRYLCTPGSCWKLVCFTTTVK,1,0,0,0,0,0
MNSKIVLFLCVCLVLVSTATAWDFFKELEGAGQRVRDAIISAGPAVDVLTKAKGLYDSSEEKD,1,0,0,0,0,0
MQKLAEAIAAAVQAGQDKDWGKMGTSIVGIVENGISVLGKIFGF,1,0,0,0,0,0
MRLVACLVFLASFALVCQGQVYKGGYTRPIPRPPPFVRPLPGGPIGPYNGCPISCRGISFSQARSCCSRLGRCCHVGKGYSG,1,0,1,0,0,0
MRPRSRAGDKFMSQGQELCHEYFQLTAPCEKQPCIDMCSSKYKTGKGVCGPAVHQCFCTFSCTV,0,0,1,0,0,0
MSKLVQAISDAVQAGQNQDWAKLGTSIVGIVENGVGILGKLFGF,1,0,0,0,0,0
MSYEKLNNEELSKILGGNGINWGAVAGSCASGAVIGAAFGNPLTGCVANSAFSFSWQAFKNRPRPKKIA,1,0,0,0,0,0
MVPTTFTLTTNNFLSDYQQLFI,1,0,0,0,0,0
MVRARRGCGCPLNQGACHRHCKSIGRRGGYCAGFLKQTCTCYRN,1,0,0,0,0,0
MVTLVLLVFLLLNVVEDEAASFPFSCPTLSGVCRKLCLPTEMFFGPLGCGKGFLCCVSHF,1,0,0,0,0,0
NEEEKVKWEPDVP,1,0,0,0,0,0
NEKSGSCPDMSMPIPPLGICKTLCNSDSGCPNVQKCCKNGCGFMTCTTPVP,1,0,0,0,0,0
NFDPKYRFERCAKVKGICKTFCDDDEYDYGYCIKWRNQCCI,1,0,0,0,0,0
NFYEIFRNRNRGGLIKDAATPWLPCEILRPC,1,0,1,0,0,0
NIFSLLSLGAKVLGKTLLKSAGKAGAEQLACKATNQC,1,0,1,0,0,0
PGDIPPGIRNTVCLMQQGHCRLFMCRSGERKGDICSDPWNRCCVPYSVKDRR,1,0,0,0,0,0
PWNIFKEIERAVARTRDAVISAGPAVRTVAAATSVAS,1,0,0,0,0,0
QAFKTFTPDWNKIRNDAKRMQDNLEQMKKKFNLNL,1,0,1,0,0,0
QDGKAGSCPDVNQPIPPLGVCKTTCATDSNCPDIQKCCKNGCGHMSCTRPST,1,0,0,0,0,0
QKAASRLLRALSKLLEAF,1,0,0,0,0,0
QKALAKLAKKALKALAKQ,1,0,0,0,0,0
QKLCARPSGTWSSGNCRNNNACRNFCIKLEKSRHGSCNIPFPSNKCICYFPC,0,0,1,0,0,0
QLGDVLQKAGEKIVRGLKNIGQRIKDFFGKLTPRTES,1,0,0,0,0,0
QPRATRKGVTPKQGYCPEFLLDCPFVLLPVCSRDKGCKGTKKCCFYYCQMRCVEPWTTLT,1,0,0,0,0,0
QSINNPVSCVTHGGICWGRCPGSFRQIGTCGLGKVRCCKKK,1,0,0,0,0,0
QVLLAAGAGVALSELLGPVLVGAGTLAGAALLNQAVSSNRWVIPCANNRGWCRTDCHFGEHIDDYHSDICHSGYKCCRY,1,0,0,0,0,0
QVVRPGSCPNVDVPIPPLGLCRTTCQTDANCQEGRKCCKNGCGFMTCETARF,1,0,0,0,0,0
QWGYGGPYGGYGGGYGGGPWGYGGGWRRRHWGGYGGGPWGGYGGGPWGGYYGK,0,0,1,0,0,0
QWGYGGYGRGYGGYGGYGRGMYGGYGRGMYGGYGRGMYGGWGK,1,0,1,1,0,0
QWGYGPYGGYGGGYPGMYGGYGMRPYGMYGGYGMGMYRPGLLGMLIGK,1,0,1,1,0,0
QWGYNSYGGYNSYGNYGGYGGGYNNGYGVNANLGVGGRGG,1,0,1,1,0,0
QWGYNSYGYGNYGGYGGYPMYGGYGMNGGYGGGGLLGMFLGKKK,1,0,1,1,0,0
QYGYGGYPGMMGGYGGYPGMMGGYGMRPYGMGYGMGMGGMGMYRPGLLGMLMGK,1,0,1,1,0,0
RAGLQFPVGKLLKKLLKRLKR,1,0,1,0,0,0
RCICTRGFCRCICTRGFC,1,0,0,1,0,0
RCLCRRGVCRCLCRRGVC,1,0,1,0,0,0
RDCESDSHKFHGACFSDTNCANVCQTEGFTAGKCVGVQRHCHCTKDC,0,0,1,0,0,0
RDCKSDSHKFHGACFSDTNCANVCQTEGFTRGKCDGIHCHCIKDC,0,0,1,0,0,0
RDCRSQSKTFVGLCVSDTNCASVCLTEHFPGGKCDGYRRCFCTKDC,0,0,1,0,0,0
RDCTSQSHKFVGLCLSDRNCASVCLTEYFTGGKCDHRRCVCTKGC,0,0,1,0,0,0
RECKTESNTFPGICITKPPCRKACISEKFTDGHCSKLLRRCLCTKPCVFDEKMIKTGAETLVEEAKTLAAALLEEEIMDN,0,0,1,0,0,0
RICKSRSQKFKGPCVSEDNCANVCHTEGFPDGDCDGLLRRCYCNTHC,0,0,1,0,0,0
RICRIIFLRVCR,1,0,0,0,0,0
RKRNSKFRPCEKMGGICKSQKTHGCSILPAECKSRYKHCCRL,1,0,0,0,0,0
RLGGFLQKAREKIARGFKKIGQKINDFLGKLAPRTEA,1,0,0,0,0,0
RLGNFFRKAKEKIGRGLKKIGQKIKDFWGNLVPRTES,1,0,0,0,0,0
RLMKCYKPNSRGFQLCE,1,0,1,0,0,0
RMCKTPSAKFKGYCVSSTNCKNVCRTEGFPTGSCDFHITSRKCYCYKPCP,0,0,1,0,0,0
RRFPWWWPFLRRPRLRRQAFPPPNVPGPRFPPPNVPGPRFPPPNFPGPRFPPPNFPGPRFPPPNFPPPFPPPIFPGPWFPPPPPFRPPPFGPPRFPGRR,1,0,0,0,0,0
RRLRPRHQHFPSERPWPKPLPLPLPRPGPRPWPKPLPLPLPRPGLRPWPKPL,1,0,0,0,0,0
RTCESQSHKFKGPCFSDSNCATVCRTENFPRGQCNQHHVERKCYCERSC,0,0,1,0,0,0
RTCESQSHRFHGTCVRESNCASVCQTEGFIGGNCRAFRRRCFCTRNC,0,0,1,0,0,0
RTCQSQSHKFKGACFSDTNCASVCRTENFPRGQCNQHHVERKCYCERDC,0,0,1,0,0,0
RVCMGKSQHHSFPCISDRLCSNECVKEDGGWTAGYCHLRYCRCQKAC,0,0,1,0,0,0
RVCRRRSAGFKGVCMSDHNCAQVCLQEGYGGGNCDGIMRQCKCIRQC,0,0,1,0,0,0
RVCSAIPLPICH,1,1,0,0,0,0
SCNCVCGVCCSC,1,0,0,0,0,1
SFEPQKCWKNNVGHCRRRCLDTERYILLCRNKLSCCISIISHEYTRR,1,0,0,0,0,0
SFGAKNAVKNGLQKLRNQCQANNYQGPFCDIFKKNP,1,0,1,0,0,0
SGECNMYGRCPPGYCCSKFGYCGGVRAYCG,0,0,1,0,0,0
SIYERCELARELINR,1,0,0,0,0,0
SKITDILAKLGKVLAHV,1,1,0,0,0,0
SKMKKCEFAKIAKEQHMDGYHGVSLADWVCLVNNESDFNTKAINRNKGI,1,0,0,0,0,0
SLSRFLRFLKIVYRRAF,1,1,0,1,0,0
SPYRCGSPDSRGSENTRCLIKK,1,0,1,0,0,0
SVPKVVYDGPIYELRQIEEENIEPDTELMDSNEPLLPLRHRRVTCDVLSWQSKWLSINHSACAIRCLAQRRKGGSCRNGVCICRK,1,0,0,0,0,0
SYFSAWAGPGCNNHNARYSKCGCSNIGHNVHGGYEFVYQGQTAAAYNTDNCKGVAQTRFSSSVNQACSNFGWKSVFIQC,1,0,1,0,0,0
TDQDTAKCVQKKNVCYYFECPWLSISVSTCYKGKAKCCQKRY,1,0,0,0,0,0
TLIWEFYHQILDEYNKENKG,1,1,1,0,0,0
TLYRRFLCKKMKGRCETACLSFEKKIGTCRADLTPLCCKEKKKH,1,0,0,0,0,0
TPDHREVPSFSSRWEPNFGLTFSK,1,0,0,0,0,0
VFGTLGSTDDSLFGRYKQDIFNDHRGHLQGQAYGSR,1,0,0,0,0,0
VKEDIEKAGVCPADNVRCFKSDPPQCHTDQDCLGERKCCYLHCGFKCVIPVKELEEGGNKDEDVSRPYPEPGWEAKCPGSSSTRCPQK,1,0,0,0,0,0
VKGGIEKAGVCPADNVRCFKSNPPQCHTDQDCLGERKCCYLHCGFKCVIPVKKLEEGGNKDEDVSGPHPEPGWEAKSPGSSSTGCPQI,1,0,0,0,0,0
VKGNTEKPGVCPADNVRCIKSDPPQCHTDQDCQGIRKCCYLHCGFKCVIPVKELEEGGSKDEDVSRPCPESGWEVKPPGFFSTRCPQK,1,0,0,0,0,0
VSCTCRRFSCGFGERASGSCTVNGVRHTLCCRR,1,0,0,0,0,0
VSSKYLSKALVKAGR,1,0,0,0,0,0
VSSKYLSKVKVKAGK,1,0,0,0,0,0
WDFLKELEGVGQRVRDSIISAGPAIDVLKKSQGPRRWSRP,1,0,0,0,0,0
YDTEIQGWTCGSRGLCRKHCYAQEHTVGYHGCPRRYRCCALRF,1,0,0,0,0,0
YPASMDNYDDALEELDNLDLDDYFDLEPADFVLLDMWANMLESSDFDDME,1,0,0,0,0,0
FSSLSLCSLGCTGVKNPSFNSYCC,1,0,0,0,0,0
EALYNSEDLYEETSDSDD,0,0,1,0,0,0
SPPEAAYGPGNTNSDSGDK,0,0,1,0,0,0
AQIVKLGGDDGSLAFVPSKISVAAGEAIEFVNNAGFPHNIVFDEDAVPAGVDADAISYDDYLNSKGETVVRKLSTPGVYGVYCEPHAGAGMKMTITVQ,0,0,0,1,0,0
RVCMGKSAGFKGLCMRDQNCAQVCLQEGWGGGNCDGVMRQCKCIRQCW,0,0,1,0,0,0
RLCRVRGTRGHCFNDHGCDKVCTREGFVRGKCNGILRRCICDRQC,0,0,1,0,0,0
RTCESQSHRFKGACLSDTNCASVCQTEGFPAGDCKGARRRCFCVKPC,0,0,1,0,0,0
DADIAVWAPPVNAQN,0,0,0,1,0,0
PGAGSQEERMQGQMEGQDFSHEERFLSMVRE,0,0,1,0,0,0
SIGFDGLNDPDIVAR,0,0,1,0,0,0
NNFYSYNAFITAAKSFPGFGTTGDTAVRGPIQISYNYNYGPCGR,0,0,1,0,0,0
GPLQLSWNYNYGAAGK,0,0,1,0,0,0
MTEQKPKPSCHNVMVGNYVPTASDRAANRTLGFGLVTNIINGGLDC,0,0,1,0,0,0
SAIWFWMTPQSPK,0,0,1,0,0,0
GPIQISYNYNYGPCGRYCGILGVSPGDNLDCGNQR,0,0,1,0,0,0
TAGFGVFTNIINGGLECGK,0,0,1,0,0,0
MTPQGNKPSSHDVITGRWTPSDADRAAGRVSGFGVITNIINGGLDC,1,0,1,0,0,0
MYDESTGYSSALK,0,0,1,0,0,0
MTPQGNKPSCHDVITNAWRPTATDSAAGRAPGYGVITNIINGGLDC,1,0,1,0,0,0
EQCGRQAGGATCPNNLCCSQYGY,0,0,1,0,0,0
GIFTFEDESTSTVAPAKLYK,1,0,1,0,0,0
SVFAFENEQSSTIAPARLYK,1,0,1,0,0,0
SVFAFQDESTSTIAQARLFI,1,0,1,0,0,0
SIFAFQDESPSAIAQAKLFK,1,0,1,0,0,0
GLDTVSFSTKGATYITYVNFLNELRVKTKPEGNSHGIPSLRKSSDDPGSSFVVAG,0,0,0,1,0,0
DSECLKEYGGDVGFPFCAPRIFPTICYTRCRENKGAKGGRCIWGEGTNVKCLCDYCNDSPFDQ,0,0,1,0,0,0
QKCEWECKLLPNFPCWLKGAGEGLCDNLCKYEGAISGVCVSDPHRCLCRNRKPGCS,0,0,1,0,0,0
QKHIAPWIFEDKSICCKEHPSVGRCLPGIDDDAEKDGKCWKFCIEGCETGGFCKLFEHKHICHCNCSG,0,0,1,0,0,0
QKHTAPWIPEDNSICCKEHPSVGRCLPNIDDSAEKGGKCWKFCIEGCETGGFCKLFGHKHICHCNCSG,0,0,1,0,0,0
YNVENGGSLCCNNHPKFGKCNTKNDDQRCNSWCLNGCDNGKGGYCKSMSHGGQCHCYC,0,0,1,0,0,0
SGSSLCCNTHAKFGACNTYQDRKRCNKWCLDGCDNKKGGFCKRFAGGAKKCHCYC,0,0,1,0,0,0
RKTVWPSSELDPKCCSNQPEFGICDSKEDDERCAQMCLDGCPTNKGGGCQPITEAPGAVCSCYCA,0,0,1,0,0,0
YNVESGGSLCCNNHPKFGKCNTNNDNQRCNRWCHNGCGNGKGDYCKAMSHGGLCHCYC,0,0,1,0,0,0
MIYNVESGGSLCCNSHPKFGKCNTNNDEQRCNRWCHNGCGNGKGGYYKSMSHGGQCHYYC,0,0,1,0,0,0
VMNEDSILSSNKGDSLCCNDHPEFGICTNKSCNKWCLQGCTRGGFCKRKICHCYC,0,0,1,0,0,0
KENITPWIYSMKQPVSCNREHSEIGICLSGIDDDIQNDGKCWKFCLMVAKSGGYNADK,0,0,1,0,0,0
KSMVEVNAAHKWYIVEGLCSKFPDCNKHCKEQKFPGGTCLKLGVNMMCTCIYS,0,0,1,0,0,0
KSMAKAQGGWYLVEGLCSKFPDCNKHCKEQGFLGGQCLKLGVNMLCFCIHT,0,0,1,0,0,0
EDRSKLIPIGPCSKIANCNQTCIESQFLGGKCIKWYPDSIKETCACLVKPSITHV,0,0,1,0,0,0
KDIDGRKPLLIGTCIEFPTEKCNKTCIESNFAGGKCVHIGQSLDFVCVCFPKYYI,0,0,1,0,0,0
QNPRGRKCEDPNGVDQKAKCYIYCNEQGFLGGSCQGYTNHYMCECYVG,0,0,1,0,0,0
QILTGIKCPDPNGHDKEDKCNIYCLNQNYMGGSCQGYKNHYMCECYVG,0,0,1,0,0,0
KSMNPTGRRCPDPNGVEKKSMCYSSCKTQGFMGGSCQGHKGNYMCECYEG,0,0,1,0,0,0
IESPIFTGNKCSDPTGMDKDGKCLDYCHAQGYPGGSCIGFIDQGYMCVCKVG,0,0,1,0,0,0
TTAGRRDGKSGRTEWLYVAGECAKLPRCNKYCVSNGFHLGGFCEKLSPQASYLSCVCKYT,0,0,1,0,0,0
YCERVRSRSAPHDICKKKNGNAVCKEKCWTIEKYQNGRCLILPKTTKLDCYCYHFDQC,0,0,1,0,0,0
YCEKVRSKTAPRDVCKKSNGNALCKKTCWTIEKYVNGKCLILPKTTNLDCYCYHYDNGSACRA,0,0,1,0,0,0
LGTSPYCEKVLSRFAPPGNCLKKNGNALCKESCANEQFREGVCLHLPKPQSKLNCYCSVLKCP,0,0,1,0,0,0
MTQGKRKHPCDLKNPSKRAPPATCNKPNGAILCGDFCLHEGYNIGKCVMRRTGKACICSQCEGW,0,0,1,0,0,0
MNWELCDDYPSKAPPETCNKVDGARRCRTSCNNEGYGGANCNLKGKVKVCECTILRVCLPHHKRPPHVPKPPK,0,0,1,0,0,0
SEIKPTGRIDDQCKQMCSATYGDGKCASDCRKAGFSSGRCLTSSPFGNKCCCTK,0,0,1,0,0,0
SDIKPTGRIDNQCKRMCSATYGNGKCAADCRSDGFSSGQCFTSPPFDNRCCCNN,0,0,1,0,0,0
IDAGIKGFDTDHCDTRCYGRDECMNYCIKAGFPKGGQCGSLCIPCGFKCCCQK,0,0,1,0,0,0
SDARIEGFSFDNCNIRCSEDYWNDECNKDCLRAGFQKGGQCGSPCIPCPVKCCCQK,0,0,1,0,0,0
AEIKKFSYDHCFHLCVAGEYGSNECFVDCAQKGFWHGDCANRTEKDPIRCCCYN,0,0,1,0,0,0
AETTKFSYDHCFHLCVEGEYGSRECFVDCTQKGFWHGVCANKTTAKDPIHCCCYN,0,0,1,0,0,0
SEIKAKINGLECFNTCTPYYDDYKCNVDCLSSGYPAGDCHIVSPSQPKKCCCY,0,0,1,0,0,0
VSGPPKCIALCRPGYYERFECFHDCITEGYDDGSCVPGPTTAKCGIITKTTNKICYSFAFE,0,0,1,0,0,0
MFSQNICMWRDCFARCSPGYYERFECFHDCITKGYDDGNCVPGPKTGRCCCTR,0,0,1,0,0,0
ESVIEPAKYGACLFLCDARRDDHACFYDCTNVAIYRTGHCVGNPPRCCCIRG,0,0,1,0,0,0
LSNSDALASSVIETTKNDVCSTPCTIRYGTFECFQDCILDHFRDGNCINGRCCCKY,0,0,1,0,0,0
DVLASSDIYICVTVIETTKNDVCSTPCTIRYGTFECFHDCILEHYRDGNCINGRCCCK,0,0,1,0,0,0
DVLVSSVIETSKNDVCFIPCTRRYGDWECYDDCLGKNFNDGGCVDGRCCCKK,0,0,1,0,0,0
LSNSDILVSSVIETSKYDVCFIPCTRRYEDRECNDDCLAKDFNDGGCVDGRCCCKY,0,0,1,0,0,0
EVLVAPVIETAQNDVCFVPCTSRYGHYECAFDCMHKRYKDGGCVHGRCCCKT,0,0,1,0,0,0
YDRCIGPCLRFYGNHQCYKNCRKAKYDGGQCDFVKKGEKLPECCCYYNKN,0,0,1,0,0,0
SYNIGQTRLVVIQEQEPHCIGPCEIAFGNRPCNEECTSQQYAYGFCDYQTKGEDNPQCCCYTS,0,0,1,0,0,0
ERIDICFIPCTRRYGDYECWFDCTYNRYKEGGCVEDVVVKHNRNRPTFRAVELCFFSIKFMYDFSMK,0,0,1,0,0,0
FSVQIGISVQAAPPTCGRDCTEKFLTQDCDKYCVGLSYKKGVCILSEGLPPKTSTYRCCCS,0,0,1,0,0,0
VEMGISVQALPPTCGPDCTGRFMNQDCSKYCAALSYKHGVCILFRGLPPRTSTLRCCCG,0,0,1,0,0,0
YDLFSEIGISAATLVIPTCFENCNATFQDPECNKWCALLAYKDGSCLYPPSEVDDLPPIKRPYIPRCCCNPITLSPPSP,0,0,1,0,0,0
YDLFTGIGIDARTVPPTCYESCNATFQNPECNKMCVGLAYKDGSCIYPPPEVDGLPPKRPYFPRCCCNPIILSPPSP,0,0,1,0,0,0
NFASGEASSQLCFNPCTPQLGNNECNTICMNKKYKEGSCVGFGIPPTSKYCCCKT,0,0,1,0,0,0
LPSSVINGFGYDYCIVECSITFLDDACKPLCIDRGYSDGGCIGLSPHFKCCCKK,0,0,1,0,0,0
MKLSILVKAMKRNNGFRYDYCIAECSEHFLDDVCKPVCIDKGYSDGGCIGLAPNFKCCCKK,0,0,1,0,0,0
EPQCIGSCEMLADCNTACIRMGYLFGQCVGWKTPDMCCCNH,0,0,1,0,0,0
ITVQADCIGPCNDDCQQLCKSKGYTDWTCASFRTKSSCCCKPPRHQIFEQNAQLNN,0,0,1,0,0,0
IDVHDAMCYRSECTSVCDQICLSHGYTNGWYCGTFRLHTGCCCLKKKELNQIISPSKN,0,0,1,0,0,0
RSNGIYDPMCPGVCGNLVKPDCNGLCHELGFPAGGYCKPGNTCCCKKKDSGPVDVPPTA,0,0,1,0,0,0
YQMLICLDLNISCADCQKQCDETSYGGMCLNGGRTCCCKKSPPPSYYDPRPPSS,0,0,1,0,0,0
EVRDICPGVCHAGIEPDCDTLCISMGFTGGYCQGLTCCCNPKSSKSSIINRPI,0,0,1,0,0,0
KSPVSCDGACTSTPQCNKICTSKGYKKGICHGSAHLFYICCCYAKFESQYDPSISSPPNY,0,0,1,0,0,0
RTQEHPCQDYRLGCKSRDVCNAKCLSLGYVKGGDCVTFAFPICCCKINFGFQDDSPISSPIFTD,0,0,1,0,0,0
QSSKCTKGCTSTPECNIKCMKKGGGHCQAYIGRSHGRLAIENYCCCNNYSNSPISSPVMN,0,0,1,0,0,0
LISDKCTEGCKSTIGCNTRCMMRGGGYCESAKIHGAVKIFCCCNNYSNSPISSPVIN,0,0,1,0,0,0
QFRGIKQCEMKCYSTPECNATCLHEGYEEGKCLKSWDGGVECCCLGLLASSHQDSSPISSPHYIIFHGICILNI,0,0,1,0,0,0
QLKSTCRIAEAWKGAKECNAKCAALGTTRGGVCQKFLGDLYCCCWD,0,0,1,0,0,0
VEVIPCIAGSKCTNDMTYNELCRFKGFSKGGFCQKYVHQTIGRCCCHPTGLESQESSISGDTNVVITN,0,0,1,0,0,0
QTMQCYSGIACTDDGTCNDYCNPRNNNLGGVCLRRANCCCCYVSVVKSQESSLSKDTNNVFITN,0,0,1,0,0,0
SPEKYYDCKQDGCITTPPCWRKCVSMGYPKGGECRIYSYGGVCCCDLTSKPPN,0,0,1,0,0,0
FTIAEPYIHPCMKGFCSFKSECANKCIFMGHHKGGDCIGGLDGIYCCCLA,0,0,1,0,0,0
WGKCDLRKGLCRLADTISTCDVPCRAVDSKYHGGECLNVGGGQGICWCCRDYDAAKSGAEKESM,0,0,1,0,0,0
RQVCDYDKGECNSYEKSSTCIEPCKQLDSKFIGGRCIPVGGITGMGLCVCCRDVQRGAEKESM,0,0,1,0,0,0
RRVCDSAAGLCSMLFSCNTQCNSLGRNFTGGECSDARFPGLSVCYCCHNVESSAEMESM,0,0,1,0,0,0
RLVCDTPAGTCTSSSTCNDQCNTWGGNYSGGECADSSFPGLSICYCCHYVGSSAEMESM,0,0,1,0,0,0
SCDFPLGACTPFRDCKESCIKFKTRAGQTFFDGKCRPRDRPSVWTACFCCYYDSIGAQ,0,0,1,0,0,0
FPASDQSIYARCIGPCPRYAVPHWCENECLSRKYMAGGECAFIEGEGPTPRCCCINL,0,0,1,0,0,0
RTTTGGSPGYGIGGRTKTCFTPALCIYRGVHGCDSYCKTKNFDYGYCRQEHCCCVNY,0,0,1,0,0,0
LPTTARSPGYEIGPQRRRRVTCFSFSFCKPARGLASCDLFCKRLKFESGLCTGDLEKCCCIDYIN,0,0,1,0,0,0
LPMTHGGKPGYGIERTIIRPEWRCYVDEGCPKGQGAPCEKNCKNVADYGICIGIKCCCFDVIPVPPT,0,0,1,0,0,0
MLMACYSAGQLGCLVFCNEAEYSYGKCIGRGRCCCYDL,0,0,1,0,0,0
HTTIASAPSSGEPTTYATGPALSKHSHDNDGICFVTPACFAPGQYEIGCIVYCHESHYKHYKCVNRSCCCYNTDKNASELK,0,0,1,0,0,0
RMTTTTSPGFGIKQQDRQCFEHAPYLCRGGEGDCRMYCRDLDFSFGTCFSGVCCCQI,0,0,1,0,0,0
RMTTASTPGYGIKQEDRLCIQGQEGTKLCSSGTSRDCLNFCLIRGYAGGSCYAYTLDQCCCRIPPPKLK,0,0,1,0,0,0
RPSFKPIPLFGEKLTQCFDTRPCLQGMLKCIEFCSSMGTADGQCNNENLCCCTHE,0,0,1,0,0,0
RSTSDIVSGSGIKEDEHVCFKTSPCLPEVGGEKGCIAFCSRMKFTTGLCLGSVVCCCYT,0,0,1,0,0,0
SDDTQGFGIKQEYKQCYTPDPCRKGGNDECERFCVAKSGLLYGKCINDGSKDVCCCLTK,0,0,1,0,0,0
SDRTSGVGINQEYAKCYDLADCQKPKVDDAACERFCGAKSFLLYGKCDTATNKCCCKSKTK,0,0,1,0,0,0
SDSFPGLGLKKQAHKQCYSPDLCTGGDSKCDICCVLISGVYYGKCIQSKCHCLNKTK,0,0,1,0,0,0
SELDNTSGFEIKQEDKCYGPEPCKNGYEGCLFFCVRIAYYLYGECTMKPDHQKHCCCVTK,0,0,1,0,0,0
SDSTLGIGINQDWKKCFSPDPCKKAGTQGCMEFCRTISFLLFGECTSKPDQCCCVTK,0,0,1,0,0,0
SDSALGIGIKEDWEVCFSIDPCLTGEGTLGCTKWCRNHINLSLVGYCRTDPEHCCCVAEK,0,0,1,0,0,0
SDGTSGYGITEATKRCFTPAPCTRGLFYCQTFCSSLSAVLIGVCESGICCCILNQ,0,0,1,0,0,0
QEMCRDLLMRAKNCDDSTCATLCKQKWKGNGSCFPNVYRKSCLCTFPCKT,0,0,1,0,0,0
QEMCHDLIKKTDCDDATCVTLCKQKWNGNGGGSCFQIVNLKSCLCAFPCQV,0,0,1,0,0,0
ANCVNYFEITFPEVCEANWCAAECLKAYKNGKGTCWQKFCQCVYDC,0,0,1,0,0,0
EEKQCYDYLLTPQENCEGLICAHECTMQHGGNGVCVDTTSTVCICTYDCTS,0,0,1,0,0,0
QHAMCHEILPETDCGAGSCTALCLQLWRGTGKCVRTNDQKLICLCNFECIV,0,0,1,0,0,0
QNAICQKFLSETDCGAGSCTALCLQLWKGIGKCIKTDDHKLLCLCKYECIV,0,0,1,0,0,0
QHICHQILLNNNCDGATCTSLCDKQLQGTGQCYKTVDKRFICLCNYLCRT,0,0,1,0,0,0
DTCHEYLYPEKCENNQCNSECATKFKEVGVFGFCVPPRSEPTEQFCICSYNC,0,0,1,0,0,0
SIFIKYSDRTCHVYIKAENCEIDQCNWECGTKYKRVGVQGLCVPPGFDPIDQACLCSFNC,0,0,1,0,0,0
HICHDYLEGDHCDPKDCNLDCRDKWKGTGTCEPPTGTPLTRTCYCTYDC,0,0,1,0,0,0
NDEQLRGNRCFQIKFKTGKCVPKECQTACQEKLRKPKLKGEGFCMKECTCCFYT,0,0,1,0,0,0
FSPEDCLDDVGWILICTKPTCKFSCWTSRSVNKGRKMQDYWCSDSNTCHCVFCTGD,0,0,1,0,0,0
NMSVDQKRCWATLKENNCVHDECRSMCLKKNPKGHGRCIKSSKGRIICLCGYDCP,0,0,1,0,0,0
QPLEEMVECKEVLWPEECKYDACAFACALKRHGKGGCLEGPDYRSACICQYACKRS,0,0,1,0,0,0
EKLTTCSRFLSQKSGKCVKEDCDRMCKQKWPGKYTVGHCYGQFKDAKRCLCSVCGPDRQPP,0,0,1,0,0,0
MVNGQCSFPQPVGPNGKCVPKDCKSLCHKKYKGGSICTTGKPNICMCLVCRRRSPEV,0,0,1,0,0,0
NLQQRRQMNQTWCSRPLLTHKQTGKCVIEDCESKCRQKWKGNGTQATCRNQCNCHFRCPWIQGQP,0,0,1,0,0,0
NVQQVKREQCHTVIPNKSGKCIFTECKSACEKLKKPVASLCLPPKTCRCYHFCS,0,0,1,0,0,0
NVQQKRSNRCIDFPVNPKTGLCVLKDCESVCKKTSKGLEGICWKFNAKGKDPKQCKCCGLWPPLY,0,0,1,0,0,0
NVEQKSQDWCWSIVNKDRCLQKECESLCSKKHPKGKFMCIPSTPGGPFQCHCRHPCR,0,0,1,0,0,0
NEGLGKPKKQCNEILKQSNCVAAECDSMCVKKRGKGAGYCSPSKKCYCYYHCP,0,0,1,0,0,0
DVDQGYKQQCYKTIDVNLCVTGECKKMCVRRFKQAAGMCIKSVPSAPAPNRCRCIYHC,0,0,1,0,0,0
QAPSTCFEALKDASKGASCDSELCASLCKKKSGGGVGTCRTKTTQPSKGQPECHCRFWCKSDGTPYK,0,0,1,0,0,0
KQRLCIKVLTNASHVSKGASTCDSKLCTSLCEKISPQGVSFCKPIATTGQSKKGNPVCNCRYWCRSDGTPHTT,0,0,1,0,0,0
KVPCLSRMFNKNNTCSFLRCEANCARKYKGYGDCRPGDRPHDKKDSLFCFCNYPC,0,0,1,0,0,0
VVEKAKGDGSCTIIIDPKAPSCDIIQCRLSCITDYNGLAECIASRIGSPPNCVCTYDC,0,0,1,0,0,0
DKRCSIIIDLSPCYPIECRLSCITERNGDGECVVSKVGSTPNCLCTYDC,0,0,1,0,0,0
KRHCSTIILPESPCVPQDCVEYCFEEYNGGGTCIASKTGRTTNCMCTYNCHGNNL,0,0,1,0,0,0
DERCTIIIHPGSPCDPSDCVQYCYAEYNGVGKCIASKPGRSANCMCTYNC,0,0,1,0,0,0
DQTDKYCTIIIDPRTPCDLVDCRLSCYTGYNGVGKCIASKASRTPNCVCTYNC,0,0,1,0,0,0
KRCHLTIDKATACSLSDCRLSCYSGYNGVGKCFDDPKVAGPSNCGCIYNC,0,0,1,0,0,0
DEGKRCHTTIDKGNFCDLVDCRLSCFSGYNGVGKCFDDPKVPGRSNCGCLYNC,0,0,1,0,0,0
GATIKKCVVDVKLSKPCTFQECQPLCLQKYNGNGLCPGDDNNICACVYNC,0,0,1,0,0,0
KQLKTCTSVIKLGHPCDIESCLNECFRVYNTGFATCRGDKYSQLCTCEYNC,0,0,1,0,0,0
LYMCVSSTCVIQWCAIQCKRKEANGIGTCKPRPNQGKIQYRKLKEECHCVYKCS,0,0,1,0,0,0
RNRICRTSEKYYREFCGHAGNDDCLSKSTKKPKPFKCVCHDNRSQNITSINDRYNNCICTFYC,0,0,1,0,0,0
LMDSMPQRHPVEGWCKRPLPNQKPGPCNNDRCSARCKEQKQFEFKGGKAMGICSSENRCLCTFRCR,0,0,1,0,0,0
NMGCMAVLGSCGVITDCSGSCKTKFGQDASGDCDRDGGQGTCMCGYPCPHDKLHM,0,0,1,0,0,0
NMGCMAVLGSCGVITDCSGECISRFGPQARGYCDRDGGSGTCVCVYPCPADKPHM,0,0,1,0,0,0
NMGCTATMGPCEKDKSCSATCRATFGDRANGFCDYSTSTSPGGECTCVYHCPPVVPHESHL,0,0,1,0,0,0
NMGCIQIIGRCIKIPDCSASCRKFLGPHASGYCDNDGAGGTCICTYPCQTKEIHM,0,0,1,0,0,0
NTGCFDYDVYQPCDHCRERCLKYYPVTRKAICRKNHCVCIGPCPNDKAIPNVKLFKNVKEQILS,0,0,1,0,0,0
NMGCNDYIVGDVCVHCRERCLRYYPVTRKAECYRNHCLCIGPCPDDRPHKRFQMLNSSKNVKAQILS,0,0,1,0,0,0
QTCDENLSSCENCDQRCKAKHGPSSVSKCNGPDGTCGCASFKPAKLCIGATDMCTDKCPTSCCDRQCAIKYKNGKGGCVDYAGYRMCICEYTC,0,0,1,0,0,0
NTCIEGIGNCQQCDVRCKARHGPAAKGACDSKFQLCTCNYPCGQGPSPPQPKKCYGGAGICSDRCGAQCCNQNCAQKYNQGSGFCDSIGNTSLCKCQYNC,0,0,1,0,0,0
NKKMVGEAKKCDQTWTCEGEDKCREKCLTLHNGVGVCDLYTAPLVPKQCFCHYDC,0,0,1,0,0,0
KTCSDGWTCLGPKEEDKCKENCMAKHKGVGTCNLYTIPEFPAPITYYMCDCMFDC,0,0,1,0,0,0
KTCSDGWTCVGEDKCKVNCMAKHKGVGTCTLYIIPSFPAPITSYICDCMFDC,0,0,1,0,0,0
ENGIMIGEAKKCSNSWICEGDEKCKEKCMADYKGNGTCYYPSPPSKQHPEFFYPTCWCGFDC,0,0,1,0,0,0
MSNGMPRTVPCIEGRILWNRTLPCSSILCGDHCVPHGYRAGTCDIVNDRAICKCSRCR,0,0,1,0,0,0
MRMTQKVSCIEGRTLWARPPKFFYCSSTLCEDNCINTGAYRGGTCDMEDEVAICRCHRCKKII,0,0,1,0,0,0
KKPPCLEGRTAYVSPGPCSNSLCTQDCRPAGYHTGKCKVEWSTPICKCYGCRKV,0,0,1,0,0,0
YDRKCLKEYGGDVGFSYCAPRIFPTFCDQNCRKNKGAKGGVCRWEENNAIGVKCLCNFCSEEPSDQTLSRI,0,0,1,0,0,0
QGSKCLKEYGGNVGFSYCAPRIFPSFCYRNCRKNKGAKGGRCRSGGAGAGSMICLCDYCSDKP,0,0,1,0,0,0
KDKECLKGYIDAPLSYCMARIYPSLCYRNCRFYKGAKGGKCDGLKCFCDFCSDKPF,0,0,1,0,0,0
QGNECLKEYGGDVGFGFCAPRIFPTICYTRCRENKGAKGGRCRWGQGSNVKCLCDFCDDTPQ,0,0,1,0,0,0
HDSECLKEYGGDVGFGFCAPKIFPTICYRNCQKDKGANGGKCLWGEGGKVKCLCDFCSNESFNQFISLT,0,0,1,0,0,0
KDDKFICVVEYGGDVGPTFCNPKFFPTLCRQNCRSFKGAKGGKCVKQPKHKHIKCFCDYCKDD,0,0,1,0,0,0
RTTTSGYGMLFDSVACEGGFEYCPRGGGNDKCTTFCRSLPNKYDFGVCDKIYACCCHINV,0,0,1,0,0,0
RETRMMEQTCPVFWPMVPCDANKCEQMCRDYYGSVPSYCNRIGTPIAECACSLTPC,0,0,1,0,0,0
KTCKLFRGECPVDPCEPEKCDECCKATFGKQICGKCEQESTELHCHCRR,0,0,1,0,0,0
QTCFKGEAQEGVCVKVDGSKLCDLLCRATNTTWFGACEVEDNETHCHCYGPC,0,0,1,0,0,0
HCDHFLGEAPVYPCKEKACKSVCKEHYHHACKGECEYHGREVHCHCYGDYH,0,0,1,0,0,0
NCDTYLGEVTVYYPCRERDCEAQCYEHYPHSCKGECEHHDHVVHHDNEEEHCHCYGR,0,0,1,0,0,0
ACFTFLGECGPEPFTGSNADCLACCVALYKSPPVCAGRVEGVPAHCHCYKS,0,0,1,0,0,0
ACFKFLGECGAVPFPGTNADCTSCCVGNFGSAVCAGRVEVEGGVKHCHCYGTS,0,0,1,0,0,0
IITKTMNSKETIYLDNPAVSPSIDQNLVDIHLGHSFVQGVMSFCYDCGKACFRRGKNLARCQKFVCRCTISKLR,0,0,1,0,0,0
IITKTMNSKETTYLDSPAVSPSIDQYLVDIHLGHSFLQGVMSFCYDCGKACFRRGKNLARCKKFVCRCTKSGIK,0,0,1,0,0,0
IVMKSSNSKERTYPVTPALNPLTGQHSLRQRQLIFCDECANACFRRKKPVRSCQRFICRCAIRDVGY,0,0,1,0,0,0
VLINGSSDEERTYSFSPRASPFDPRSLNQELKIGRIGYCFDCARACMRRGKYIRTCSFERKLCRYSISDIK,0,0,1,0,0,0
ILINESSDEQRIYSFSPTTSPFDPRSLNQELKIGRIGYCFDCARACMRRGKYIRTCSFERKLCRCSISGIK,0,0,1,0,0,0
ILIKESSEEERIYPFNPVASPFDPRSLNQILKIGKIGYCFDCARACMRRDRYIRTCSFERKLCRCSYSHIHHTHG,0,0,1,0,0,0
KNKKVVIIPGPKGERPDIKVVEGPSTVEDDFCYDCVRRCMVKGVGFYFRSCKGFVCRCYYPFMGGYGP,0,0,1,0,0,0
FFKKLFLRASNIMIKSISEGKSQFSGPALSPNIDPADEHIGHSPEDMKIIFCQQCAFHCIEKKKNIAHCENSICRCTLEDIL,0,0,1,0,0,0
NIMTKSISQVKSQFFSPALSPNVDPADEHIGHSPDDMKIIFCQQCAFHCIEKKKNIGNCENSICRCTLEDIL,0,0,1,0,0,0
NIMTKSILEGKTQFSIPSLSSTIDPAYEHIGHFPDDMKIIFCQQCAFHCIEKKKNIPHCENSICRCTLENIL,0,0,1,0,0,0
TVKSYSEEKTHSFDLTANPPIDLNIVDELPRDEHLGVSHADNVIGFCQECAHHCLQRKRVLGECRWFTCHCSRITIGVGL,0,0,1,0,0,0
VVPSSFKRVEGPVTAASADFCYKCSRGCYRRYRRPVFCQGSICRCSSFIDDGY,0,0,1,0,0,0
MKKFGCNTTHPFPGKCGNNGKSSWVSDMKKLPSAPKNRDIRCECSDRPSLARGMPGERVCRCDYDC,0,0,1,0,0,0
KTKWGCDMNRPFPGKCGTNGKDTCISDIKKMPGAPKDLVVRCECSQRFVWKGYPPERLCKCQYDC,0,0,1,0,0,0
IHVEQAGVCEFTGEFPGKCGNNGRKMCVEAMNKKNKGSPGENKKNLRCECFDNPVVILGRPKRICRCRNNC,0,0,1,0,0,0
ANKRCHLNQMFTGKCGNDGNKACLGDFKNKRFRYDLCQCTDATQISPSLPPQRVCNCSRPC,0,0,1,0,0,0
HVREVKSVETKAKRVKKVCEKAQVFEQNCGWDGNKTCIRGFNKIKEYPFHCECGIYDAPNSRRICKCKFPYSPC,0,0,1,0,0,0
EKLCTTIGDLDGKCSQDGEKLCMRYMTDQSKKKFLSCTCNNVVMLHKYKHYCECQSHCTPKQT,0,0,1,0,0,0
GAPPVECWSEILFSGKCGFHGKKKCYKEMESKLKQRVLKCRCEDVKKDSNTSKDEHYCGCQRENPYECN,0,0,1,0,0,0
GAPPQDCWNLVTFPAKCGIHGKKKCFKEMESKYQQRFLQCTCKNLKPEPKSPKDEHDCTCQRANPYECNS,0,0,1,0,0,0
VLKPMDQCGRKDIFLGGCGSNGSKTCINDFVKKGGVAAKPSSCECDDFGEEHLCRCYVPC,0,0,1,0,0,0
GLDPMAANLRVRKDIFIGGCGRDGNKTCMKDFVKKGGVMNKPISCECDNLGYEHLCRCNFS,0,0,1,0,0,0
QGKKKPPCPLGLSANGKCGHDGPKLCFSEMERKFNKDVVKTITHCKCWDDRRNNVDKHRCTCYLKHGFPCTNG,0,0,1,0,0,0
QAKKKRCPIGLHTYGKCGTDRAKFCFSEIESKLSFSKQVLNTISSCRCDDDRQGNKDLYWCQCDRREGRPCPAN,0,0,1,0,0,0
QVKPTGCQGGQRYRGKCGTNGTKTCVKDMMLPKLFKTKRCDCQDMLGTFKGWHFCTCYSGRPGC,0,0,1,0,0,0
GLIRECDYTMEGYGPCGPNGRSLCLDTFWKTPPSPGLSKNLEGCRCEDRGKRPPIFTGLSHTCRCCWSYGGGSDD,0,0,1,0,0,0
GLVRICNHRIEGYGTCGPNGRKICLDAFWKNQPSPGLSKNLEGCQCEDRRKRPQFKGLSHSCSCCWSYQGNSDE,0,0,1,0,0,0
RTIRICDRKVEGNGTCGPNSNNICLDEFWKNPPSPRLAKSLEGCTCEPRGKRPKFKGLSHVCWCCWSYNSSNPAG,0,0,1,0,0,0
HEEPKVAPTEELMFAPSNQPRYCRSRQVFDGSCTDRGTPRTTCFLDFLGARSASEMPKNCDCTPQPNNKRLCECSVICTDCCVKN,0,0,1,0,0,0
KELKWCPSKDVFNGSCTDTGSPSYTCFLDLLGSKSASAMPKNCKCTPLPHNRRQCDCFVVCDSN,0,0,1,0,0,0
EESSMNIDAQRRPWCPSKKQVFGGSCGNDGAQQCLNNLLSTWDPSVRLSPVSCNCTPQPNNNILCSCPNMICP,0,0,1,0,0,0
EESRMNINAERRPWCPSKIQMFDTNCEVDGAKQCLDLLISTWDPSVRLTRVSCICSDFPYRNMMCSCPNMICP,0,0,1,0,0,0
EKLSMDPTRRPWCPSKKQMFGGNCGNDGDSLCLMLLAASWDESLRHSSISCNCTTYPNYKILCSCPNMICP,0,0,1,0,0,0
EAAGERRQWCPSKQQVFRGSCSDDGGQKCLNDLLWTWNPSVRLSPIYCDCTPKRHNKRLCDCPSMICL,0,0,1,0,0,0
EKRPWCPTRKQIFDGSCNRTDYTQCFNDLRNTWDDIGDLCPTDCTCTPQPQNKRLCYCRYLPCPST,0,0,1,0,0,0
QRLVPLCKTIGYENPGKCPADGNKFCRRKLDDRYVKYKRCDCQDTKGRKQNHHRCICYMKLPCNQ,0,0,1,0,0,0
QRRKPVCKLTGVLNPGKCPTAIHDASNLCSRKLASPNMTFKRCDCQNTEWRGKDHYQCTCYIKLPCNQ,0,0,1,0,0,0
EVEPVPYCKVITWYDVKCGADGNKTCVDHLIKGHIYDVPVCDCSELTTSGILCTCQHRFPCKEPPPLHRISIRKQIRG,0,0,1,0,0,0
VRHNLAVGDVCATNEECRINCQCDAAYCDLSCNMCVYMLHVMDTIDANIPNQPCISEYQNCGKKTSSLQ,0,0,1,0,0,0
YEDSCSTDEECRRNCLCDVAYCDKSRDKCDYGFMNRVDVRFPKHPYISKNKDGSGR,0,0,1,0,0,0
VADYCNRDADCKRVCLRPYACNLTRHLCMCHPNDVSSSKQHCIPEHKGFGEGGPPPQRLKLYR,0,0,1,0,0,0
RELAGVNEIFEIAARSSNNAGTARALQQAPPCKRDVDCSFECPKGGFCNDRLGTCDCF,0,0,1,0,0,0
RKLTGVADVIVEGEAASPQYGIIDENDTLNKSPSCKRDIDCTFQCRRGGFCNLILQKCECL,0,0,1,0,0,0
IQNSETSVNQNSCMPNEPRCTGCPGGGSGGYRGPPPPCCKNDSDCKAHCPEGGYCSNQCDCVCNLVKVMNNDVRCQVDTDCNMKCSKQGYCKLAS,0,0,1,0,0,0
REMAKEEVNCIGGHCPDGKKDCNCLPLIAPTMDIYETNESCRTDNECIKYCPKGCKIVDCNFGTCLCEYC,0,0,1,0,0,0
LEGESKVSGQVRDETPHTWYCKYDDNCRENCPGCTITKCNYGVCICSNCYHQQSDLGVESHM,0,0,1,0,0,0
SKGEEKTSGELRDVTPQRGGPCSYDNLCHNHCPGCKITQCVNGECVCLICYTPPL,0,0,1,0,0,0
SEQRTRVSEVVREAEIHDGGQCTDDDICNKNCLDCIARQCIFQQCVCSKRFFPPNSQPNLRVKKH,0,0,1,0,0,0
IPRGWQEPCFCPSKNPYCDCGDDLQVPTTSVISPKPIIEQCARCERNSQCNKVCPATCKYKVCIFNRTCEFSTCHCYRC,0,0,1,0,0,0
RMSGDVTIQRGGSCNNDNTCHDTCPGCRITQCIFRQCVCTRCNTPRSSLRIESHM,0,0,1,0,0,0
RQMQRPQNVECVGGECQPKHPQQYFGSCFRDSDCRNSCFPYCRYQKCHHHECICSLCSSEVAPSPK,0,0,1,0,0,0
TRIMDDSSDCVFKGPCQRRSDCYERCGLKPPSRAALCQPMGLQGRVCCCL,0,0,1,0,0,0
TRIMDASSDCEFKGPCHKKEDCYDSCGVNKPPFNNAICVPGRDSFQCCCILS,0,0,1,0,0,0
TREILSAEICGWNDPAVHCKTKEDCFEKCGGRPAKKVFCVRPGDHSYDRLCCCRA,0,0,1,0,0,0
NSVEKDVMDGPCRLRGTCNNDGDCDKHCHRSTDAAAMDGHCLFDKPTGPVCCCLFD,0,0,1,0,0,0
KIVKRMQVGPSECVYRGRCRDSYECRSRCGPPEFSHETLGLCMFDYDDYEYFCCCTTNY,0,0,1,0,0,0
SGCNFKGSCRTDDQCKRICRGHGLDPSFQLCVPYSSKGGKCCCLHYEGAPLSSEVI,0,0,1,0,0,0
IVCNFEGHCVTSDDCINVCKSGEDPFLCVRSGPHKGMCCCLKTNGSVLE,0,0,1,0,0,0
QESKKGILLKPKTCNTNADCAKFCKGPIQNCLYHTCACVPGNPHCC,0,0,1,0,0,0
DYKFHVCDPSFDEKDCDFECKEFGHPGGYCRPDRVQPRIRMCYCTDR,0,0,1,0,0,0
TDPVPTPPGLHIPCGKGFTSKECNKYCTGVGYRRGYCAPDEEYPQISSCYCKWRI,0,0,1,0,0,0
NRQCVQAMDCTNVCSHGGLCTKNGKCVCWSPNVVINSGPPCWSDEMCFSTCGGNGGYCNYDIGGCFCQ,0,0,1,0,0,0
KEDKECNDSKCLPNPSRINLEEGNIKRIDVNHGGICDTYLECGGLACSDYRRACCVNGKCVCRKQGQTLPDCPN,0,0,1,0,0,0
LDEPNMDTISKSREYKCKIDLDCSNHIACRHCSYRNCKCDHGTCKCMP,0,0,1,0,0,0
AEEMGKGEVTISLRCKTKTECLKNIACEACVDCRCDKGICKCHGFTAETNNPTV,0,0,1,0,0,0
KPRGKRPQSNFHAKRIRTVLQTLLVMLCTDYRCDKGLCKCHGFGGEKENPTAAPLTA,0,0,1,0,0,0
TSSTLKESLTAEIKPTKVDRCKTDRDCPQSHRCQKDFYYGCVVGECICRAV,0,0,1,0,0,0
SRNKLSSYIPLCGSNTYCGGLWCPKKGGKYSCISMSCDIQEDCPKLVRCKNSPGPYCMEGFCTC,0,0,1,0,0,0
SKNKSRSDLPLCGFREHCDGLWCPGEGGKYSCINWSCNFIEDCEKRIRCEKTGPCCFDGLCDCTNF,0,0,1,0,0,0
HNFLPCVITNDCEYHHCSSGTVLCVNRQCHCSRSSTHQTKLDNLKKMDYAKKCKWTKDCDPRMRFTCVSGSYMCFDGLCTCTN,0,0,1,0,0,0
QLIVPCKTSEQCKSIRCSNGSAQCVNKQCQCPSLKQIYSVTDVSCKTVSDCVASHQCPTGLSACIEGKCICLP,0,0,1,0,0,0
QFRCKSVAECDSRGCRVGTHVICNEHHICTCAHGSPIGGQCDGVEDCDLSGCPPNSHVICDRIGGNFCTCVPN,0,0,1,0,0,0
MLRFVLVYIPVSVVSHTLCISLFIICSTRHTCFSKRYTCLLNICFCFFISSRIRNYF,0,0,1,0,0,0
RCYTNDDCKDGQPCPVPLACLFGSCICPWKSQSKLPICQIICANLD,0,0,1,0,0,0
KTNFDCVNLKCPTPFVTPKCVSGGCECPLKELLTLLSDTNYGVAACIDYCKAKGENAYTCILNHCYCRKPSM,0,0,1,0,0,0
QSCNNDSDCTNLKCATKNIKCEQNKCQCLDERYIRAISLNTRSPRCNVQSCIDHCKAIGEVIYVCFTYHCYCRKPPM,0,0,1,0,0,0
RTGYVSCKTNSDCVKLKCPTPFGGPKCISGSCECPFKELMTLPNDTNYGVAACIDYCKAKGEIVYACILNHCYSYKPPM,0,0,1,0,0,0
MIMGVSYHENRCHDWVDCAIWCKQWVPQPKCINRVCDCKPKSLPTNDEIPKSASSSSKN,0,0,1,0,0,0
MIMGVHYHEYRCHDWVDCAIWCKQWVPQPKCINRVCDCKPKSLPTNEEVPQSAYSSNSNY,0,0,1,0,0,0
DICQTDRDCVEIGIPRCKRTGKMPICYNGYCCCICSAKRLPASTTRKPPSPSTSKLV,0,0,1,0,0,0
QSPLSQSSHEFTVVSPYLSCFGIEECLFYLYFKLYDLCVILLCTWFDLSE,0,0,1,0,0,0
HVCLMSFGSSYRVGVHITHEKVAACPRQNQRLYSCDSLRILYHYSCLTTRDLLYICDCSDFENIICLIRLLLNLDFVEVKLV,0,0,1,0,0,0
FKIHEVPEPTGKWCGYSVPMKPCINDDRVKRCIAENTHGWLMATGMCTSIPSLKDCYCMHQCP,0,0,1,0,0,0
DCKHPVGPYTDSCFTDCVSGKYGYNYESAFCSRDETGTCKICCCELINE,0,0,1,0,0,0
MYLSSRTGSRLLFLVKASFNTFEKVATISSTLIYFVSHKLVSSRSCSHNFRNICGYIRHNCRKCIRFCFCTFSIKISLPLVIARRIEY,0,0,1,0,0,0
ATKVKAKQRGKEKVSSGRPGQHN,0,0,1,0,0,0
SESILIVHQQQSRSSGS,0,0,1,0,0,0
MGAVIKVGAKVIGWGAASGAGLYGLEKILKK,1,0,0,0,0,0
MTDANVDARRARAPHGISGAIAGVVAGCAATIEIGCVEGAIAGIGPSGIASMIAALWTCRSKYRRFSSGSGYVMLLSWSAEFVFGYFIGCRCGFLLSQK,1,0,1,0,0,0
MGISSPALPQNTADLFQLDLEIGVEQSLASPAITSVSWCTPGCTSEGGGSGCSHCC,1,0,0,0,0,0
VHLEEILLLLFFLGTISLSLCEEERDADEEENEVSGYAANVNVKRCGYKHGRANCGRG,1,0,1,1,0,0
MFTMKKSLLLLFFLGTINLSFCQEETNAEEERRDEEVAKMEEIKRGLLSGPRCGEESTMWT,1,0,1,1,0,0
MFTLKKSLLLLFFLGTINLSLCQDVTNAEEERRDEEVAKMEEIKRGLLRPPRCGEAYSMWT,1,0,1,1,0,0
SCTTCECSCSCSS,1,0,0,0,0,0
GLWNTKLEAGLLFAMGKLDLKRCLKAGGC,1,0,0,0,0,0
FLPLLLSALPSFSCLVFKKC,1,0,1,0,0,0
LAMVKYYGNGVSCNWRKHSCKKGLSVDWVYFGLLHNLGALRWYQHR,1,0,0,0,0,0
MPVSVGSYGQQAQPSCFDRVKMGFMMGFAVGMAAGAMFGTFSCLRIGMRGRELMGGVGKTMMQSGGTFGTFMAIGMGIRC,1,0,0,0,0,0
GCPQTPRCTNYAEKGQCPPN,1,0,0,0,0,0
ADSRNPLEEEFRETNYEEF,1,0,0,0,0,1
ADDKNPLEECFREDDYEGFLEIAKNGLSTTSNPKRVVIVGAGMSGLAAY,1,0,0,0,0,1
ADDKNPLEECFRETDYEEFLEIARNGLKATSNPKRVV,1,0,0,0,0,1
ADDRNPLEECFRETDYEEFLEIAKNGLSTT,1,0,0,0,0,1
AHDGNPLEECFREDDEEFFLEIAKNGLTATSNPKRVVIV,1,0,1,0,0,1
DDRRSPLEECFQQNDYEEFLEIARNSQLYQESLREDSSYHLSFIESLKSDALFSYEKKFWEADGIHGGKVINDLSLIHDLPKREIQALCYPSIKK,1,0,0,0,0,1
ADDINPKEECFFEDDYYEFE,1,0,0,0,0,1
ADDKNPLEECFCEDDDYCEG,1,0,0,0,0,1
ADDKNPLEECFREDDYEEFLEIAKNGLKKTSNPKHIVYPVKPSEQLYEESLRDQLPTSMHRYPSMIQKIFFAGEYTANAHGWIDSTIK,1,0,0,0,0,1
QDRPKKPGLCPPRPQKPPCVKECKNDWSCPGQQKCCSYGCIDECRDPIFVN,1,0,0,0,0,0
QDHPKKPGLCPPRPQKPPCVRECKNDWSCPGEQKCCRYGCIFECRDPIFVK,1,0,0,0,0,0
QDRPVKPGLCPPRPQKPPCVKECKNDWSCRGEQKCCHYGCIYECRDPIFVK,1,0,0,0,0,0
MLHLVVYDISDDGSRARLAKLLEKFGLQRVQYSAFRGELNPNDREVLARQVGKFVRDDRDCIFIIPLCQRCSSTAIVISNTGVELVKEKGVEFV,0,0,0,1,0,0
MFYLISYDISVDQRRLKIAKLLEGYGQRVLESVFECDLELPAYRQLRQKLNRLIKDEEGDRLRIYRLCASCREQIEIIGDGPPPETSQDIYII,0,0,0,1,0,0
MIWLAVYDIEDDGERAKASAILQAWGFVRVQRSFYVGRMPRGKAADLLKILQRHVKSGHIALIPITDELLAKALELGRPPYAPLKPPKYAQIYVV,0,0,0,1,0,0
MLYLIIYDVPATKAGNKRRTRLFDLLSGYGKWRQFSVFECFLSVKQFAKLQTAMEKLIKLDEDAVCIYVLDENTVQRTITYGTPQPEKPGSIII,0,0,0,1,0,0
MRELYLVIAYDTPDDRRRARLAKLLKGFGERRQYSVFEARLTREQWAHLKGKLEALVNKEEDVLAVYFLPPEAVGRTWRIGHEGLKRLEDPDFV,0,0,0,1,0,0
MRVLYIIAYDITDARRLGQIRYFLKGYSTGGQKSVYECFLEREELKFIISKIKRLINPNEDRVHIFRIDGRSKVITLGIAVPPIDPEYFYIG,0,0,0,1,0,0
MVVIVYVIVAYDVNVERVNRVKKFLRRYLNWVQNSLFEGELSSADLEEVKMGLREIINEDEDMVVIYRFRSADAFKREVMGIEKGLGGEEVI,0,0,0,1,0,0
MQCLVIYDIPNDRARQRVADACLDYGLQRIQYSAFAGNLSRTHQRALFGEITRRVKGHTANVQLFVFDSKTWSDRRILEQQYDDA,0,0,0,1,0,0
MVRLVITYDIRKDKIRNKLFRLLERYGAWKQYSVFELEINPVHKVELFHSIADLIEDTDRVRIYDLCERCQGKITELGEVSPDKMQVVI,0,0,0,1,0,0
MILIYDINTEDNDGKRRLVKIMKTSRKYLSHVQKSVFEGDITEGQISLLKKEIMAIVNMKKDFVIIYSLRDGVKLNREILTDTPDPTDNFL,0,0,0,1,0,0
MKLLVVYDVSDDSKRNKLANNLKKLGLERIQRSAFEGDIDSQRVKDLVRVVKLIVDTNTDIVHIIPLGIRDWERRIVIGREGLEEWLV,0,0,0,1,0,0
MDFWLVCYDVRDDKRRRKLAKLLEQRCQRVQYSVFECPLPEKVLTDLLHRRWLKELNLKEDSLRAYPLQRQSRSQAKIFGSPDLYEPPDFLIL,0,0,0,1,0,0
MGKRLYAVAYDIPDDTRRVKLANLLKSYGERVQLSVFECYLDERLLEDLRRRARRLLDLGQDALRIYPVAGQVEVLGVGPLPELREVQVL,0,0,0,1,0,0
MRLPYLVCYDISDEGRLNRVYRFMKGKGFHIQYSVFYCILTDVELKEMKAEILKLIHSRYDDVRIYPLPNNSLVAVLGVGDRIPDGVEVFY,0,0,0,1,0,0
MLIIVTYDVSTETRAGRKRLRRVAKLCESIGQRVQKSVFECRINLMQYEELERRLLSEIDEQEDNLRLYRLTEPAELHVKEYGNFKAIDFEGPLTI,0,0,0,1,0,0
MILVTYDVNTVEPGGRRRLRQVAKACQDYGQRVQNSVFEVEVDPARWVALKARLEAIIDPALDSLRYYDLGANWQRRVDHVGAKPAVDLHGPLIL,0,0,0,1,0,0
MFLYVIAYDIPDDRRRKKMADLLEGYGQRVQYSVFECTLSKSKFNELQKRLRKIYQSEEDSLRFYPLSGHTLTQVDIWGEPPLTKPPGSVIV,0,0,0,1,0,0
MPYLIVTYDIAEERVNKVRKILKKYFMWVQNSVFEGEITEGKLLKCKLELEKVIDKEVDSVYFYSLENRLNYRKTVLGIEKEITGNIL,0,0,0,1,0,0
MVYVLIAYDISNDSKRLKAAQKLLQMGFARVQKSVYIAKGGRSLAKEAYRALQRLADSGKDKIMVMVIPGDSVRDAYGLGGSLEDGKRVVVV,0,0,0,1,0,0
MSSRLAVFAYDIRDDRVRRHALKTLREWRLDGQLSVHECQVDAIQARRLFEQLGDELDPATDAWLFTWVEGHRAVLARGKGRTTALQDGLLLAA,0,0,0,1,0,0
MLVLITYDVQTSSMGGTKRLRKVAKACQNYGQRVQNSVFECIVDSTQLTSLKLELTSLIDEEKDSLRIYRLGNNYKTKVEHIGAKPSIDLEDPLIF,0,0,0,1,0,0
MLVLVTYDVNTETPAGRRRLRRIAKTCQNYGQRVQFSVFECNVDPAQWVKLRSKLLNEMDPKLDSLRFYFLGSNWQGRVEHEGAKEPRDLEGTLIL,0,0,0,1,0,0
MYVIMVYDVNQRRINKVLNTARKYLEWIQNSVLEGEITEAKFEMLKREIEIIINEEEDSVIFYIMRTTKYSERQILGIEKNKREQIL,0,0,0,1,0,0
MSMLVVVTENVPPRLRGRLAIWLLEVRAGVYVGDVSAKIREMIWEQIAGLAEEGNVVMAWATNTETGFEFQTFGLNRRTPVDLDGLRLVSFLPV,0,0,0,1,0,0
MFVVLVYDTAAERNPNALRTCRKYLHWVQRSVFEGELSAAQYRALMTTLRDQLDLTYDSIRVYRTRSPALVETEWLGVPLGNQDSVL,0,0,0,1,0,0
MEHLYIVSYDIRNQRRWRRLFKTMHGFGCWLQLSVFQCRLDRIRIIKMEAAINEIVNHAEDHVLILDLGPAENVKPKVSSIGKTFDPILRQAVIV,0,0,0,1,0,0
MPYVVVFYDVSDNKRRDLLAKTLQSLGLVRVQRSVFMGRGGYTKAKEAIRAASRIVDARTDSVVALVVPEDYARRMLVYGGIMSDPKQKQAVRVV,0,0,0,1,0,0
MRGGNLKVLVVYDITDDSLRLKVAEILKDLGLFRIQKSAFIGEMTSQERENMEEILRRQNLGPSDRIDVFPICDRDLKMHSQIGRGKFGRGPP,0,0,0,1,0,0
MKHWRLVSYDIREPKRLRRVAKIMEGFGERIQYSVFRIYSTDKELEKLRWKLAKVTEEEDNIFYLTLCTKCASGAHTQEKKSAWPEAPKTLKIL,0,0,0,1,0,0
MYVVIVYDVGVERVNKVRSFLREYMNWVQNSVFEGELTKAEFLKIKSRLKELIQESSDHIIFYSSRDRKYLGIEDLGTPKADTSNII,0,0,0,1,0,0
MAVFLIAYDLVNERRGTHDYQPLWDELKRLGAHRTQFSLWLVSANNTTAEVRQHFQQFVDSNDRIWVTRLRKSQYDYANAIGGTNNWLSNNPPEA,0,0,0,1,0,0
MKVLVSFEIKFKTNKEKIISILKHFGFRRMQENLYFGDVEYDELYAMQSDIMENIREYDSILTIPICKSCYLKLNVFGRNLSFKDELYKIF,0,0,0,1,0,0
MVVTVYLLIVYDVGVERVNRVKSYLRTELHWVQNSVFEGEVTESQFRRIETNLERIIDRERDSVIIYSFRSERAMNRNVLGLEKSPLDVIL,0,0,0,1,0,0
MAEPRRWYLITYDIRDPKRWRKVHALLKGYGEWLQLSVFRCSLTDRDREKLRWELSRRMDAVDTLLVIGLCGGCVERVRAINAKEDWPEEPAPFKVL,0,0,0,1,0,0
MQYKINMYAIVVYDVNVSRQNQIREFLRKYLYHVQRSVFEGEISPSSLYYMKKILQSYIGETDSLIIYVLRDKSCLMDKIVLGEDKDLQIY,0,0,0,1,0,0
MYIVVVYDVGVERVNKVKKFLRMHLNWVQNSVFEGEVTLAEFERIKEGLKKIIDENSDSVIIYKLRSMPPRETLGIEKNPIEEII,0,0,0,1,0,0
MYIIVVYDVSVERVNRVKKFLRQHLHWVQNSVFEGEVTLAEFERIKAGIGELIDGDEDSVVIYKLRSMPKREVMGVEKNPIEDII,0,0,0,1,0,0
MYVIMVYDVNEKRVAKILKIARKYLKWVQNSVLEGELSPGKYEKLKLEVSRLIDEKEDSVRFYVMDSQKVFNLETLGVEKGEDGFIF,0,0,0,1,0,0
MIVIVAYDISDEDRRGRLRRYLRRLGLARVNRSVYAGPGTATTAELVAERAKEIVEEGDSVFVIVVREDEYQRAHVFDGRDYYIVSERKYEVY,0,0,0,1,0,0
MYILITYDVSTETEAGKKRLRKVAQVCKDFGQRVQKSVFECSVNEAQFEQLKHRLLQCIDEKSDSLRIYRLREPAKKYIQEYGVNLTIDFDAPLVL,0,0,0,1,0,0
GDVMPESTPICAGFATLMSSIGLVKTIKGKC,1,0,0,0,0,0
SARLGNFFRKVKEKIGGGLKKVGQKIKDFLGNLVPRTAS,1,0,0,0,0,0
FWGTLAKLALKAVPAVMGMIKKE,1,0,0,0,0,0
SDDEDEEEEEDQPWQLNPNIARGDDGNTRADVNIKRRGENHDFEAGWSKVVDGPDRAKPTWHVGGTFRW,1,0,1,0,0,0
MLTDLECAINSLIDVYHKYSLKKGNYHAVYRDDLKQLLETECPKFMKKKDADTWFKELDINQDGGINFEEFLVLVIKVGLEAHEEIHKE,1,0,1,0,0,0
SALYALYDFSPPARKMRAYTVRAYVHGSYSRRGPWYDFEPVPGASMDGL,0,0,0,1,0,0
MVQMIFLFAILAVMTIVLMEANTVLARDCLSGTFGGPCWAWSGEKCRRLCIEEGHVSGHCSGAMKCWCEGC,0,0,1,0,0,0
MQIKFLYLFLAVMTIFILGAKEADADCLSGRYGGPCAVWDNETCRRVCKEEGRSSGHCSPSLKCWCEGC,0,0,1,0,0,0
MEIKFLIVLSAVLMIIFLGAEESHADCLSGRYRGSCAVWHRKKCVDICQREGRTSGHCSPSLKCWCEGC,0,0,1,0,0,0
MVQIKFLFVFLAVMTIVVLAANMADADCLSGKYKGPCAVWDNEMCRRICKEEGHISGHCSPSLKCWCEGC,0,0,1,0,0,0
MAQIKGLFALLAVVTIVLMVANSASAVDCPSGRFSGPCWAWDGEQCRRLCREEGRVSGHCSASLKCWCEQC,0,0,1,0,0,0
MMQIKFLFTFLALLMMVILGAKEADADCLSGRYRGPCAVWDNETCRRVCREEGRGRVSGHCSARLQCWCEGC,0,0,1,0,0,0
MPVAVGPYGQSQPSCFDRVKMGFVMGCAVGMAAGALFGPFSCLRIGMRGRELMGGIGKTMMQSGGTFGPFMAIGMGIRC,1,0,0,0,0,0
VARLGGILRKAGEKIGGGLKKIGQKIKDFFGKLAPRTES,1,0,0,0,0,0
LPRHTLHCVAYHGYCFHSKV,1,0,0,0,0,0
ATELEKALSNVIEVYHNYSGIKGNHHALYRDDFRKMVTTECPQFVQNKNTESLFKELDVNSDNAINFEEFLVLVIRVGVAAHKDSHKE,1,0,1,0,0,0
VSTLSVSSPCPGWPSSFTWSNC,1,0,0,0,0,0
LFFLPSLIGGLISAFK,1,0,0,0,0,0
GLIHKVTKVQQLCAFNQDMAGWCEKSCQAAEGKNGYCHGTKCKCGKPLSYRRK,1,0,0,0,0,0
IFGSLFSLGSKLLPSVFKLFSRKKQ,1,0,1,0,0,0
FWATLAKGALKLIPTIANAFSSKS,1,0,0,0,0,0
DSECLKEYGGDVGFGFCAPRIYPSFCVQRCRADKGALSGKCIWGQGSNVKCLCNFCRHEP,1,0,1,0,0,0
QGRMYQRFLRQHVDPDETGGNDHYLNLSRRNIQCPNRHEGVRFNTDIHEDLTNRRPIDEHEGVVRVTDKTEEG,0,0,0,1,0,0
GSNIEVMLGLPNSDVK,1,0,1,0,0,0
AFVLDADNLIPKKITFGEGSQYGYVKVEGDALSDTLEKIDYETKLVSAPSSSTIIKTTSKYHTKGDVEIKEEHVKAGKEKAAHLFKLIEGYLKDHPSEYN,0,0,1,0,0,0
MREETVVYEQEESVSHGGGKHRILAELARVEQEVAFLEKELKEVENTDIVSTVCEELLSVIEKGPDPLLPLTNGPLNLGWDRWFEGPNGGEGCRC,0,0,1,0,0,0
GSPRTEYEACRVRCQVAEHGVERQRRCQQVCEKRLREREGRRE,0,0,0,1,0,0
FLKGIIDTVSNWL,1,1,0,0,0,0
FLKGIIDTVSKLF,1,1,0,0,0,0
DLWQFGKMILKVAGKLPFPYYGAYGCYCGWGGRGKPKDPTDRCCFVHDCC,1,0,0,0,0,1
YCGLFGDLCTLDGTLACCIALELECIPLNDFVGICL,1,0,0,0,0,0
SIGNKGISFETCTAIEGLCFFGCKLGWVWIAYCNNIMSCCRKDTDFVLPQTKGI,1,0,0,0,0,0
ELVRKNVDHLSTPDVLELV,1,0,0,0,0,0
SLPPTLEEEFNMKKMG,1,0,0,0,0,0
SPPPGESKVDMSFNYALSNPAQ,1,0,0,0,0,0
FLFNVIPHAINATASLIKK,0,0,0,1,0,0
FLVGILPRMRGFITPFLKKVR,0,0,0,1,0,0
FLWSLIPSAISAVTSLIKK,0,0,0,1,0,0
PDRAIDTYRTSPVADQRYNA,1,0,0,0,0,0
RFRRLRDKTRDRLKKI,1,1,0,0,0,0
GIHHILKYGKPS,1,1,0,0,0,0
GILDWGKKVMDWIKDKM,1,0,1,0,0,0
GWGSIFKTVGKMIAKAAVKAAPEAISAMASQNE,1,0,1,0,0,0
KIKWGKIFKKGGKLIGKTALEAAANAAASEAISAMASQNE,1,0,1,0,0,0
GVKELFGKAWGLVKKHLPKACGLLGYVKQ,1,0,1,0,0,0
IWGALLGTLIPAITSAIQ,1,0,1,0,0,0
AAVLLPVLLAAP,1,0,0,0,0,0
SAILAITLGIFATGYGMGVQKAINDRRKK,1,0,0,0,0,0
CGYKYGCMVKVDR,1,1,1,0,0,0
FFGTKGIFSKVEPIFCKISHSC,1,1,1,0,0,0
IVRPPIRCKAAFC,1,1,1,0,0,0
QYRPGSFGPLNQK,1,1,1,0,0,0
DYSIRTRLHQESSRNVF,1,1,1,0,0,0
DNVYSRPPQRFGQNVIS,1,1,1,0,0,0
ILPSKLCRLLGNC,1,1,1,0,0,0
KAFAKLAARKA,1,0,0,0,0,0
FAKLAARLYRKA,1,0,0,0,0,0
GVIPCGESCVFIPCINKKKCSCKNKVCYRD,1,0,0,0,0,0
SFGVTIGIGPAGSPLLVGVGVSHSQD,1,0,0,0,0,0
CFGGSLGIQYEDKINVGGGLSGDHC,1,0,0,0,0,0
LALRTAGWLRLLGFRDKKKN,1,1,1,0,0,0
VLKQTKGVGASGSFRLAKSD,1,0,0,0,0,0
EMIAAAIRAEKSRGGSSRQSIQKYIKSHYK,1,0,0,0,0,0
KRFQNFFRELEKKFREFFRVYRITIGATIRF,1,1,1,0,0,0
SPPQAMGFPPQVNVEHYIPASYSVAALTVTEEE,1,1,1,0,0,0
RAAPQRRLRAMARLKKFAEAGGADPDSGGLRARFPER,1,1,1,0,0,0
VALRLAKEVIKVQQGW,1,0,1,0,0,0
RVLKDVESALRESVANWKIVIG,1,0,1,0,0,0
LIKVVNHVQYNVTLHWHGIR,1,0,1,0,0,0
GIVLKDLFSEKLRRYKIVIG,1,0,1,0,0,0
LLDKLKRTLLSIEAVLI,1,0,1,0,0,0
VRDGYIADDKNCAYFCGRNAYCDEECKKKGAESGYCQWAGQYGNACWCYKLPDKVPIKVSGKCN,1,0,0,0,0,0
FLRRIRVTPVVNPPFLQQT,1,0,0,0,0,0
FKKLYIEPVETKVDEINDNRRKANRKRFSAHQG,1,0,0,0,0,0
AGWLIERYLVPNWHAFTSWLTAGKDAFSKGK,1,0,0,0,0,0
KWRMCVDYTGFNKVCSKVFYFLFRID,1,0,0,0,0,0
KLAMSMSFNFVFYFMVNFDD,1,0,0,0,0,0
DDRFFFYWLMCIWCTFVMSH,1,0,0,0,0,0
KKRKAPKKKRKFA,0,1,0,0,0,0
QKDDEEESRFFFNFIFSAE,1,1,1,0,0,0
ACFLTRLGTYVC,1,1,0,0,1,0
RRSRSPRRKWTWKPRRRGSYTLISQGGNKGKH,1,0,1,0,0,0
TRSRWRRFTRRAGGFIRKNRWNIISTALKWIG,1,0,1,0,0,0
ASLLSLALMSQTTPIHPTPNYRTAWFLFSGLLGSAGVLFFLEAPTEVRSGG,1,0,1,0,0,0
KEKLAVALLFAKSKQAFGLL,1,0,0,0,0,0
GALSKHAAELKAKQRTSLEK,1,0,0,0,0,0
LKKLVRKAASISASLAARHA,1,0,0,0,0,0
FIFHIIRFFNFRVFRI,1,1,0,0,0,0
KIFDAEILLNGKRKGLG,1,1,0,0,0,0
GKSNKPALTLIQARILKHKT,1,1,0,0,0,0
AAVALLPAVLLALLAPMPFSTGKRIMLGE,0,1,0,0,1,0
RICTPIPFPMCY,1,1,0,0,0,0
RTCIPIPLVMC,1,1,0,0,0,0
RICTAIPLPMCL,1,1,0,0,0,0
RTCIPIPPVCF,1,1,0,0,0,0
HTLCMDRRATY,1,0,0,0,0,0
HTLCMDPPATY,1,0,0,0,0,0
PFWRIRIRRPRRIRIRWFP,0,1,0,0,1,0
GLVNGLLSSVLGGGQGGGGLLGGIL,1,1,0,0,0,0
GVVDILKGAAKDLAGHLATKVMDKL,1,1,0,0,0,0
WDPYFAGVKKLTKAILGEIA,1,1,0,0,1,0
LKVLLYEEFKLLESLIMEILEYQKDSDIKENAEDTK,0,0,0,1,0,0
CLMARPNYRCKIFKQC,1,1,1,0,0,0
LKAALTAAKTALTAALTALKAALTAAKT,0,1,0,1,0,0
LAAALTAKATALTAKLTALAAALTAKAT,0,1,0,1,0,0
ANQFNSAIGKIQDSLSSTASALGKLQDVVNQNAQALNTLVKQ,0,0,0,1,0,0
AGRLTGNKGGLGGT,1,0,1,0,0,0
TDVSTAIHADQLTPAWRIYSTG,0,0,0,1,0,0
DDGDKGMLKWKNDFFQEF,1,0,1,0,0,0
DDPDKGGLKWKNDFFQEF,1,0,1,0,0,0
DDPDKGMLKGKNDFFQEF,1,0,1,0,0,0
DDGDKGGLKGKNDFFQEF,1,0,1,0,0,0
LVRVRRGFGCPFDER,1,0,0,0,0,0
GFRTAHVDLVCPDNPD,1,0,0,0,0,0
DDESSKPCCDQCACTKSNPPQCRCSDMRLNSCHSACKSCICALSYPAQCFCVDITDFCYEPCKPSEDDKEN,0,0,1,0,1,0
GLFDVIKKVASVIGPLGIAGQGGD,0,1,1,0,0,0
GLKDWWNKHKDKIVKVVKEMGKAGINAAGK,0,1,0,0,0,1
FQWQRNIRKVRPRVKRINRQWQF,0,1,0,0,1,0
PFWRIRIRRPFWRIRIRR,0,1,0,0,1,0
PWRIRIRRRRIRIRWPPWRIRIRR,0,1,0,0,1,0
RRWFWRRRRWFWRR,0,1,0,0,1,0
LVKRFKKFFRKLKKSVLL,0,1,0,0,1,0
VKRFKKFFLKLKSV,0,1,0,0,1,0
VKRFKLFFRKLKSV,0,1,0,0,1,0
FLFKLIKHAIKGLIKAFK,0,1,0,0,1,0
MTWCDWRDEIERYTKKIEELIRAAQEKNEAALKEL,0,0,0,1,0,0
KIFKKFKTIIKKVWRIFGRF,0,1,0,0,1,0
RVFKKFHPIYHRVWRLWGHL,0,1,0,0,1,0
HIIKKIRTWYRKAWHVLGKV,0,1,0,0,1,0
KLYKKFRHILKKVWHYVGKI,0,1,0,0,1,0
KYIRHLKTWFKKVFKLIGEV,0,1,0,0,1,0
RLIKRLKTFVRKTWKWVGHF,0,1,0,0,1,0
RFLKHFKTVYKRYWKVLGRL,0,1,0,0,1,0
KLIHRLKTVFKKVWHFLGHL,0,1,0,0,1,0
HRIRQLKTTIKKFWEIWPKI,0,1,0,0,1,0
QVFKKFRPFYRRPWELFGKL,0,1,0,0,1,0
TLYKKFRHFLKKPWHVVGKI,0,1,0,0,1,0
KIFKKFKDWFKKAFHVLGKV,0,1,0,0,1,0
RLIKRIKTWYRKAWKVVGKF,0,1,0,0,1,0
HLIHRLHTYWHKPWHYLGKL,0,1,0,0,1,0
QVVKKIRTWYHKAWHVLGKV,0,1,0,0,1,0
QLIHKIRTWYRKAWHVLGKV,0,1,0,0,1,0
HLLKKWRTWLRKAWHIVGKV,0,1,0,0,1,0
QVLKKVRTWYRKAFHVIGKV,0,1,0,0,1,0
QLLKKVRTWYRKAWHLYGKV,0,1,0,0,1,0
QLIKKLRTWYRKAWHVLGKL,0,1,0,0,1,0
QIIKKVRTWIKKAWHLIGKI,0,1,0,0,1,0
QYLRRVRTWLRRAWHILGKV,0,1,0,0,1,0
QLLKKIRTWYRKAWHVYGKV,0,1,0,0,1,0
QIYKKYRTWYRKAWKVLGKV,0,1,0,0,1,0
FLWIKLGKLAGAVLKLILGLKKVV,0,0,0,0,1,0
KWVKKVHNWLRRWIKVFEALFG,0,0,0,0,1,0
AWLKRIKKFLKALFWVWVW,0,0,0,0,1,0
DGRCLLIIKLAKLAKKLAKLAK,0,1,0,0,1,0
GLLDIIKDTGKTTGILMDTLKCQMTGRCPPSS,1,0,0,0,0,0
ATAWRIPPPGMQPIIPIRIRPLCGKQ,1,0,0,0,0,0
FPAIICKVSKNC,1,0,0,0,0,0
FYFPVSRKFGGK,1,0,0,0,0,0
ALVAKIQKFPVFNTLKLCKLELEII,1,0,0,0,0,0
SNRDFFKVNIFRLCG,1,0,0,0,0,0
KKYKAYFKFKCKK,0,1,0,0,0,1
RRYRAYFRFRCRR,0,1,0,0,0,1
DEDLEELERLYRKAEEVAKEAKDASRRGDDERAKEQMERAMRLFDQVFELAQELQEKQTDGNRQKATHLDKAVKEAADELYQRVR,0,0,0,1,0,0
ELEEQVMHVLDQVSELAHELLHKLTGEELERAAYFNWWATEMMLELIKSDDEREIREIEEEARRILEHLEELARK,0,0,0,1,0,0
DKEWILQKIYEIMRLLDELGHAEASMRVSDLIYEFMKKGDERLLEEAERLLEEVER,0,0,0,1,0,0
NDDELHMLMTDLVYEALHFAKDEEIKKRVFQLFELADKAYKNNDRQKLEKVVEELKELLERLLS,0,0,0,1,0,0
SLTQINTTLLDLTYEMLSLQQVVKALNESYIDLKELGSGSGC,0,1,0,1,0,0
SLDQINVTFLDLEYEMKKLEEAIKKLEESYIDLKELGSGSGC,0,1,0,1,0,0
GARELRRLERELRRLEGGGGGGGKLAALKFKLLWLKLAC,0,1,0,0,1,0
GARELRRLERELRRLEKGGGGGGKLAALTFEHYWAQLTSC,0,1,0,0,1,0
KWCFKVCYKGICYKKCKG,0,1,0,0,1,0
KWCSRVCYRGICSRRCRG,0,1,0,0,1,0
KWCFRVCYSGICYSRCSG,0,1,0,0,1,0
KWCFRVCYRGFCYRRCRK,0,1,0,0,1,0
FLPLLASLIGGML,1,0,0,0,0,0
FLPVIAGIAANVLPKLFCKLTKRC,0,0,1,0,0,0
GIMDSIKGAAKEIAGHLLDNLKCKITGC,0,0,1,0,0,0
RRWCYRKCYKGYCYRKCR,0,0,0,1,0,0
GYPICGESCVGGICNIPGCSCSWPVCTTN,0,1,0,0,1,0
GLPVCGETCFTGSCYTPGCSCNWPVCNRN,0,1,0,0,1,0
GTLPCGESCVWIPCISSVVGCACKSKVCYKD,0,1,0,0,1,0
FFGLHNLVPSMLCVVRKKC,1,0,0,0,0,0
YDPEAASAPGSGNPCHEASAAQKENAGEDP,1,0,1,0,0,0
VNWKKVLAKIIKVVK,0,1,0,0,1,0
FLPIVENCSLVCWENNQKC,1,1,1,0,0,0
ALYKRLFKKLKKF,1,0,0,0,0,0
GIKCCFCCGCCNSGVCELCCRF,1,0,0,0,0,0
GLVPNLLNNLGL,1,0,0,0,0,0
GAVSGLLTNLGL,1,0,0,0,0,0
AGPVSKLVSGIGL,1,0,0,0,0,0
GIVEQCCASVCSLYQLENYCN,0,0,1,0,0,0
ESGNEPLWLYQGDNIPKAPSTAEHPFLPSIIDDVKFNPDRRYAR,1,0,0,0,0,0
SLGTPDHYHGGRHSISRGSQSTGPTHPGYNRRNAR,1,0,0,0,0,0
SVETLASQEHLSSLPMDSQETLLRGTR,1,0,0,0,0,0
FKKALHLFKPIKKFLKWK,1,1,1,0,0,0
KFLHLAKKFPKWKLFKKI,1,1,1,0,0,0
AWNTYDYMKREHSLVKPYQG,1,1,0,0,0,0
RVCKAIPLPICH,1,1,0,0,0,0
RVCSAIPWPICH,1,1,0,0,0,0
PAWHHAFHWAWRMLKKAA,0,0,0,0,1,0
PAWRKAFRWAWHMLHHAA,0,0,0,0,1,0
PAWRHAFHWAWHMLHKAA,0,0,0,0,1,0
GLFAVIHKVASVIGGL,0,0,0,0,1,0
GLFAVIKHVASVIGGL,0,0,0,0,1,0
AAAAGSCVWGAVNYTSDCAAECLLRGYKGGHCGSFANVNCWCRT,1,0,1,0,0,0
GIGRIGKVHAANLIKIPKG,1,0,1,0,0,0
KKVIIEYVKIEA,1,0,1,0,0,0
VKEEVKFSKKW,1,0,1,0,0,0
KFKLKSLKIIEYKQ,1,0,1,0,0,0
RIRTWKSLVKHHM,0,0,0,1,0,0
FTQGVGNPVSCARNKGICVPSRCPGNNRQIGTCLGPPVKCCRRK,1,0,0,0,0,0
DDDKTEEEDDKENETTKVVE,1,0,0,0,0,0
WNSLAIDNLDV,0,0,0,1,0,0
WNSLKIDNLAV,0,0,0,1,0,0
WKFALKVDSPDV,0,0,0,1,0,0
EAIIRILQQLLFIHFRIGRRRRRRRR,0,0,0,1,0,0
EEIIRKLQQLLFIEFRIKRRRRRRRR,0,0,0,1,0,0
LQQLLFRRRRRRRR,0,0,0,1,0,0
ILPWGWPWWPWRR,0,0,0,1,0,0
ILAWKWAWWAWPP,0,0,0,1,0,0
RRRFVAQQNAIHSRVSRQVPTLSNSV,1,1,1,0,0,0
RRRSVGQQNAIPSHIQVNKFFLRKPAKQHI,1,1,1,0,0,0
HRRSVAHQQQASLHVKTNQLPSPNTVRQQL,1,0,1,0,0,0
RMKQIEDKIEEIESKQKKIENEIARIKKLIEAQQHLLQLTVWGIKQLQARIL,0,0,0,1,0,0
RMKQIEDKIEEIESKQKKIENEIARIKKLISGIVQQQNNLLRAIEAQQHLLQLTVWGIKQLQARIL,0,0,0,1,0,0
LTAEEKAAVTAFWGKVKVDEVGGEALGRLLVVY,1,0,0,0,0,0
WMEWDRKIEEYTKKIEELIKKSQEQQEKNEKELK,0,0,0,1,0,0
EEYTKKIEEYTKKIEEYTKKIEEYTKKIEEYTKKI,0,0,0,1,0,0
LPAFCQAIGWGDPITHWS,0,0,0,1,0,0
AIGWGDPITHWSHGQNRW,0,0,0,1,0,0
PITHWSHGQNRWPLSCPQ,0,0,0,1,0,0
HGQNRWPLSCPQYVYGSV,0,0,0,1,0,0
TRQARRNRRRRWRERQRAAAACYGRKKRRQRRR,0,0,0,1,0,0
MPKTRRRPRRSQRKRPPTPWPYGRKKRRQRRR,0,0,0,1,0,0
RPRGRRGSRPSGAERRRRRAAAA,0,0,0,1,0,0
DDMSVISELICTSPLDFIN,0,0,0,1,0,0
WDRGNVTLLCDCPNGPWVWVPAFCQAVG,0,0,0,1,0,0
WDRGNVTLLSDSPNGPWVWV,0,0,0,1,0,0
LSDSPNGPWVWVPAFSQAVG,0,0,0,1,0,0
LNWGTPDWDVRNCVGVLWCP,0,0,0,1,0,0
PLCVNCWPQVCGDFPWGAVA,0,0,0,1,0,0
RWKIFKKIEKMGGSYCNRRTGKCQRM,1,0,1,0,0,0
ECKFTVKPYLCP,1,0,0,0,0,0
ECVYYKGRMWCP,1,0,0,0,0,0
RWRLLLLLRWR,1,0,0,0,0,0
RWRLLGLLKRH,1,0,0,0,0,0
IAAAQRITSGAADIAINWAGGLHHAKK,1,0,0,0,0,0
GHRGALKDWVQAAGGAVAAFDFTTKG,1,0,0,0,0,0
FVTNSKRLAEGIEKGVGNSILIKVN,1,0,0,0,0,0
KLKKLLAGQKDGLLGQIAAMSDLYTKK,1,0,0,0,0,0
KAGLQFPVGRIARFLK,1,0,0,0,0,0
FKALRALRLEDLRIPTSYIK,1,0,0,0,0,0
GLWQIFSSKEEGKDNSQQKSKGDQAKEL,1,0,0,0,0,0
VWTTAMEKSSAANFSMSRNQRRSSLHSL,1,0,0,0,0,0
SLWKNLSRKISGAVKAQPDLHTLLPLPGS,1,0,0,0,0,0
GGLFYVKHKEQQRKRF,1,1,0,0,0,0
KWKVFKKIEKKWKVFKKIEKAGPKWKVFKKIEK,1,1,0,0,1,0
KYLNFAKWLKGANLAKYANA,0,1,0,0,1,0
CNGRCGGKLAKLAKKLAKLAK,0,0,0,0,1,0
LQTKLKKLLGLESVF,1,0,0,0,0,0
EWRPHGSNGGSSLRPGRPQTLPPQRPIQPDFNGPRQRF,1,0,1,0,0,0
EWRPHGSIGGSGLRPGRPQTLPPQRPRRPDFNGPRHRF,1,1,1,0,0,1
LFTLVVLLMVSADMAFAGFGCPRDQYKCNSHCQSIGCRAGYCDAVTLWLRCTCTDCNGKK,1,0,0,0,0,0
VHEAEASCASRCKGHCRARRCGYYVSVLYRGRCYCKCLRCSSEHSMKFPENEGSSPSDMMPQMNENENTEFGQDMPTGETEQGETGI,0,0,0,1,0,0
VTCASQGGPAGCRPYCILNGYKSGYCNSKGNCACTK,1,0,0,0,0,0
WRGALKLLFYAT,0,0,0,1,0,0
HQTLSGIDQEQNNLTRLIEAQIHELQK,0,0,0,1,0,0
GGVKRFKKFFRKLKKSV,0,1,0,0,1,0
